rank,num_procs,distribution,run,elapsed_time,comm_time,local_nz,ghost_entries,local_flops,matrix
0,1,1D,0,0.093554020,0.000289202,31207734,0,62415468,Hook_1498
0,1,1D,1,0.093697786,0.000255585,31207734,0,62415468,Hook_1498
0,1,1D,2,0.094195843,0.000255823,31207734,0,62415468,Hook_1498
0,1,1D,3,0.093414545,0.000254631,31207734,0,62415468,Hook_1498
0,1,1D,4,0.093578100,0.000254631,31207734,0,62415468,Hook_1498
0,1,1D,5,0.093728781,0.000260353,31207734,0,62415468,Hook_1498
0,1,1D,6,0.094236374,0.000261784,31207734,0,62415468,Hook_1498
0,1,1D,7,0.093413353,0.000268221,31207734,0,62415468,Hook_1498
0,1,1D,8,0.093339920,0.000241280,31207734,0,62415468,Hook_1498
0,1,1D,9,0.093658686,0.000279903,31207734,0,62415468,Hook_1498
0,2,1D,0,0.090601444,0.008672953,15603136,744635,31206272,Hook_1498
0,2,1D,1,0.089149237,0.007177591,15603136,744635,31206272,Hook_1498
0,2,1D,2,0.088629723,0.006640911,15603136,744635,31206272,Hook_1498
0,2,1D,3,0.088389397,0.006356716,15603136,744635,31206272,Hook_1498
0,2,1D,4,0.088240862,0.006165743,15603136,744635,31206272,Hook_1498
0,2,1D,5,0.088253260,0.006084442,15603136,744635,31206272,Hook_1498
0,2,1D,6,0.088184357,0.006098986,15603136,744635,31206272,Hook_1498
0,2,1D,7,0.088136435,0.006035089,15603136,744635,31206272,Hook_1498
0,2,1D,8,0.088267088,0.006083727,15603136,744635,31206272,Hook_1498
0,2,1D,9,0.088180304,0.006103754,15603136,744635,31206272,Hook_1498
0,4,1D,0,0.729057550,0.621994495,7802548,1087032,15605096,Hook_1498
0,4,1D,1,0.727659702,0.620894670,7802548,1087032,15605096,Hook_1498
0,4,1D,2,0.728059053,0.621199369,7802548,1087032,15605096,Hook_1498
0,4,1D,3,0.727999449,0.621106625,7802548,1087032,15605096,Hook_1498
0,4,1D,4,0.727866173,0.621074200,7802548,1087032,15605096,Hook_1498
0,4,1D,5,0.723897457,0.617171288,7802548,1087032,15605096,Hook_1498
0,4,1D,6,0.728093147,0.621237516,7802548,1087032,15605096,Hook_1498
0,4,1D,7,0.727800369,0.621112585,7802548,1087032,15605096,Hook_1498
0,4,1D,8,0.728008270,0.621278286,7802548,1087032,15605096,Hook_1498
0,4,1D,9,0.730208874,0.621236801,7802548,1087032,15605096,Hook_1498
0,8,1D,0,0.649778128,0.564127445,3898612,1139406,7797224,Hook_1498
0,8,1D,1,0.617615461,0.532039404,3898612,1139406,7797224,Hook_1498
0,8,1D,2,0.533492565,0.447981119,3898612,1139406,7797224,Hook_1498
0,8,1D,3,0.589459896,0.504019976,3898612,1139406,7797224,Hook_1498
0,8,1D,4,0.533903122,0.448355436,3898612,1139406,7797224,Hook_1498
0,8,1D,5,0.533447027,0.448013306,3898612,1139406,7797224,Hook_1498
0,8,1D,6,0.648603916,0.563038588,3898612,1139406,7797224,Hook_1498
0,8,1D,7,0.619446039,0.534017801,3898612,1139406,7797224,Hook_1498
0,8,1D,8,0.729649067,0.644025326,3898612,1139406,7797224,Hook_1498
0,8,1D,9,0.647035599,0.559288740,3898612,1139406,7797224,Hook_1498
0,16,1D,0,0.386697769,0.289016724,1948584,976716,3897168,Hook_1498
0,16,1D,1,0.321684122,0.224909544,1948584,976716,3897168,Hook_1498
0,16,1D,2,0.385058165,0.291101456,1948584,976716,3897168,Hook_1498
0,16,1D,3,0.351640701,0.253894329,1948584,976716,3897168,Hook_1498
0,16,1D,4,0.291154146,0.225002289,1948584,976716,3897168,Hook_1498
0,16,1D,5,0.320625067,0.224422216,1948584,976716,3897168,Hook_1498
0,16,1D,6,0.290166616,0.224015713,1948584,976716,3897168,Hook_1498
0,16,1D,7,0.322285652,0.255999565,1948584,976716,3897168,Hook_1498
0,16,1D,8,0.354124784,0.288109303,1948584,976716,3897168,Hook_1498
0,16,1D,9,0.322098255,0.256029129,1948584,976716,3897168,Hook_1498
0,32,1D,0,0.448932409,0.384117126,972745,677726,1945490,Hook_1498
0,32,1D,1,0.448827505,0.383988380,972745,677726,1945490,Hook_1498
0,32,1D,2,0.321799517,0.256950855,972745,677726,1945490,Hook_1498
0,32,1D,3,0.320470095,0.254783392,972745,677726,1945490,Hook_1498
0,32,1D,4,0.381797314,0.256056070,972745,677726,1945490,Hook_1498
0,32,1D,5,0.385407448,0.260294199,972745,677726,1945490,Hook_1498
0,32,1D,6,0.380620480,0.255155325,972745,677726,1945490,Hook_1498
0,32,1D,7,0.381321430,0.316536427,972745,677726,1945490,Hook_1498
0,32,1D,8,0.319029331,0.253149509,972745,677726,1945490,Hook_1498
0,32,1D,9,0.387645960,0.317747116,972745,677726,1945490,Hook_1498
0,64,1D,0,0.768001080,0.640023708,485623,399766,971246,Hook_1498
0,64,1D,1,0.769003630,0.640034437,485623,399766,971246,Hook_1498
0,64,1D,2,0.643968582,0.640027523,485623,399766,971246,Hook_1498
0,64,1D,3,0.768013477,0.640028238,485623,399766,971246,Hook_1498
0,64,1D,4,0.770994425,0.643029451,485623,399766,971246,Hook_1498
0,64,1D,5,0.769003630,0.641026258,485623,399766,971246,Hook_1498
0,64,1D,6,0.643972874,0.640026331,485623,399766,971246,Hook_1498
0,64,1D,7,0.767987967,0.640025616,485623,399766,971246,Hook_1498
0,64,1D,8,0.764994621,0.637027979,485623,399766,971246,Hook_1498
0,64,1D,9,0.643971682,0.640023470,485623,399766,971246,Hook_1498
0,128,1D,0,2.050492048,2.048003674,242533,216047,485066,Hook_1498
0,128,1D,1,2.049454927,2.046987534,242533,216047,485066,Hook_1498
0,128,1D,2,2.050445557,2.047983408,242533,216047,485066,Hook_1498
0,128,1D,3,2.051464796,2.048991203,242533,216047,485066,Hook_1498
0,128,1D,4,2.050445318,2.047988892,242533,216047,485066,Hook_1498
0,128,1D,5,2.309461117,2.307006121,242533,216047,485066,Hook_1498
0,128,1D,6,2.306458235,2.304008722,242533,216047,485066,Hook_1498
0,128,1D,7,2.307467699,2.304992199,242533,216047,485066,Hook_1498
0,128,1D,8,2.305454731,2.302990675,242533,216047,485066,Hook_1498
0,128,1D,9,2.332289457,2.329781532,242533,216047,485066,Hook_1498
0,1,1D,0,0.030674458,0.000256300,10328399,0,20656798,msdoor
0,1,1D,1,0.031099796,0.000257254,10328399,0,20656798,msdoor
0,1,1D,2,0.030817509,0.000234842,10328399,0,20656798,msdoor
0,1,1D,3,0.030817270,0.000239849,10328399,0,20656798,msdoor
0,1,1D,4,0.030767679,0.000241041,10328399,0,20656798,msdoor
0,1,1D,5,0.030726194,0.000277519,10328399,0,20656798,msdoor
0,1,1D,6,0.030760050,0.000251532,10328399,0,20656798,msdoor
0,1,1D,7,0.030777931,0.000262022,10328399,0,20656798,msdoor
0,1,1D,8,0.030898809,0.000256777,10328399,0,20656798,msdoor
0,1,1D,9,0.031083107,0.000255346,10328399,0,20656798,msdoor
0,2,1D,0,0.024893522,0.004755497,5144923,202562,10289846,msdoor
0,2,1D,1,0.023519993,0.003465414,5144923,202562,10289846,msdoor
0,2,1D,2,0.023016453,0.003008366,5144923,202562,10289846,msdoor
0,2,1D,3,0.022925377,0.002890110,5144923,202562,10289846,msdoor
0,2,1D,4,0.022952080,0.002810478,5144923,202562,10289846,msdoor
0,2,1D,5,0.022580862,0.002635717,5144923,202562,10289846,msdoor
0,2,1D,6,0.022554159,0.002483845,5144923,202562,10289846,msdoor
0,2,1D,7,0.022435188,0.002410889,5144923,202562,10289846,msdoor
0,2,1D,8,0.022670031,0.002476692,5144923,202562,10289846,msdoor
0,2,1D,9,0.022246122,0.002337456,5144923,202562,10289846,msdoor
0,4,1D,0,0.216115475,0.203166246,2558744,295524,5117488,msdoor
0,4,1D,1,0.215713263,0.202731848,2558744,295524,5117488,msdoor
0,4,1D,2,0.228359938,0.202349901,2558744,295524,5117488,msdoor
0,4,1D,3,0.228442192,0.202420235,2558744,295524,5117488,msdoor
0,4,1D,4,0.211490631,0.198625088,2558744,295524,5117488,msdoor
0,4,1D,5,0.241823196,0.215657949,2558744,295524,5117488,msdoor
0,4,1D,6,0.220773220,0.207813263,2558744,295524,5117488,msdoor
0,4,1D,7,0.234142780,0.207997799,2558744,295524,5117488,msdoor
0,4,1D,8,0.234016180,0.207833290,2558744,295524,5117488,msdoor
0,4,1D,9,0.234421730,0.207800627,2558744,295524,5117488,msdoor
0,8,1D,0,0.171225071,0.143184185,1281251,321469,2562502,msdoor
0,8,1D,1,0.168771505,0.140006065,1281251,321469,2562502,msdoor
0,8,1D,2,0.197382212,0.168010712,1281251,321469,2562502,msdoor
0,8,1D,3,0.198113918,0.168007135,1281251,321469,2562502,msdoor
0,8,1D,4,0.144784927,0.137874842,1281251,321469,2562502,msdoor
0,8,1D,5,0.169877529,0.140000582,1281251,321469,2562502,msdoor
0,8,1D,6,0.171048164,0.140008211,1281251,321469,2562502,msdoor
0,8,1D,7,0.171581507,0.143318176,1281251,321469,2562502,msdoor
0,8,1D,8,0.173276901,0.140008450,1281251,321469,2562502,msdoor
0,8,1D,9,0.168110371,0.139990568,1281251,321469,2562502,msdoor
0,16,1D,0,0.131915092,0.096274376,640437,282439,1280874,msdoor
0,16,1D,1,0.163821936,0.128089666,640437,282439,1280874,msdoor
0,16,1D,2,0.163825750,0.128074169,640437,282439,1280874,msdoor
0,16,1D,3,0.131892920,0.096178532,640437,282439,1280874,msdoor
0,16,1D,4,0.131815910,0.096177101,640437,282439,1280874,msdoor
0,16,1D,5,0.131797075,0.096196651,640437,282439,1280874,msdoor
0,16,1D,6,0.131838322,0.096183538,640437,282439,1280874,msdoor
0,16,1D,7,0.131851196,0.096174955,640437,282439,1280874,msdoor
0,16,1D,8,0.131841660,0.096179724,640437,282439,1280874,msdoor
0,16,1D,9,0.131860495,0.096188307,640437,282439,1280874,msdoor
0,32,1D,0,0.259309053,0.256046772,320135,204959,640270,msdoor
0,32,1D,1,0.258261442,0.256027222,320135,204959,640270,msdoor
0,32,1D,2,0.258257151,0.256010294,320135,204959,640270,msdoor
0,32,1D,3,0.321251392,0.256073236,320135,204959,640270,msdoor
0,32,1D,4,0.325159311,0.256038427,320135,204959,640270,msdoor
0,32,1D,5,0.258194208,0.192089558,320135,204959,640270,msdoor
0,32,1D,6,0.325188398,0.256028891,320135,204959,640270,msdoor
0,32,1D,7,0.258187532,0.192111015,320135,204959,640270,msdoor
0,32,1D,8,0.258124590,0.192137480,320135,204959,640270,msdoor
0,32,1D,9,0.238163948,0.193969727,320135,204959,640270,msdoor
0,64,1D,0,0.639466524,0.638140440,159890,126168,319780,msdoor
0,64,1D,1,0.769474983,0.768141747,159890,126168,319780,msdoor
0,64,1D,2,0.769459963,0.768137455,159890,126168,319780,msdoor
0,64,1D,3,0.801433563,0.800088644,159890,126168,319780,msdoor
0,64,1D,4,0.769427299,0.768086433,159890,126168,319780,msdoor
0,64,1D,5,0.769440651,0.768083096,159890,126168,319780,msdoor
0,64,1D,6,0.769447327,0.768081903,159890,126168,319780,msdoor
0,64,1D,7,0.769441605,0.768039942,159890,126168,319780,msdoor
0,64,1D,8,0.769434929,0.768036127,159890,126168,319780,msdoor
0,64,1D,9,0.791464329,0.790072918,159890,126168,319780,msdoor
0,128,1D,0,1.792866945,1.792057753,79377,69694,158754,msdoor
0,128,1D,1,1.792877674,1.792083740,79377,69694,158754,msdoor
0,128,1D,2,1.793865919,1.793074846,79377,69694,158754,msdoor
0,128,1D,3,1.980827570,1.980008841,79377,69694,158754,msdoor
0,128,1D,4,2.047852278,2.047022343,79377,69694,158754,msdoor
0,128,1D,5,2.048834085,2.048009396,79377,69694,158754,msdoor
0,128,1D,6,2.048840046,2.048014641,79377,69694,158754,msdoor
0,128,1D,7,1.799900532,1.799121141,79377,69694,158754,msdoor
0,128,1D,8,1.792896748,1.792108059,79377,69694,158754,msdoor
0,128,1D,9,1.794234037,1.793431997,79377,69694,158754,msdoor
0,1,1D,0,0.012455940,0.000242949,2903837,0,5807674,tmt_sym
0,1,1D,1,0.012558937,0.000229597,2903837,0,5807674,tmt_sym
0,1,1D,2,0.012632608,0.000239849,2903837,0,5807674,tmt_sym
0,1,1D,3,0.012533188,0.000222921,2903837,0,5807674,tmt_sym
0,1,1D,4,0.012358189,0.000175238,2903837,0,5807674,tmt_sym
0,1,1D,5,0.012618542,0.000200987,2903837,0,5807674,tmt_sym
0,1,1D,6,0.012478828,0.000187397,2903837,0,5807674,tmt_sym
0,1,1D,7,0.012390137,0.000174284,2903837,0,5807674,tmt_sym
0,1,1D,8,0.012270451,0.000205517,2903837,0,5807674,tmt_sym
0,1,1D,9,0.012469053,0.000252247,2903837,0,5807674,tmt_sym
0,2,1D,0,0.017511845,0.006170273,1452176,363244,2904352,tmt_sym
0,2,1D,1,0.016297579,0.005184650,1452176,363244,2904352,tmt_sym
0,2,1D,2,0.015939951,0.004678488,1452176,363244,2904352,tmt_sym
0,2,1D,3,0.015306711,0.004097939,1452176,363244,2904352,tmt_sym
0,2,1D,4,0.015139818,0.003992081,1452176,363244,2904352,tmt_sym
0,2,1D,5,0.014961720,0.003865242,1452176,363244,2904352,tmt_sym
0,2,1D,6,0.014225245,0.003256559,1452176,363244,2904352,tmt_sym
0,2,1D,7,0.014488220,0.003209114,1452176,363244,2904352,tmt_sym
0,2,1D,8,0.014514685,0.003155231,1452176,363244,2904352,tmt_sym
0,2,1D,9,0.014198542,0.002993107,1452176,363244,2904352,tmt_sym
0,4,1D,0,0.166424274,0.161096334,726120,363253,1452240,tmt_sym
0,4,1D,1,0.155959368,0.150649548,726120,363253,1452240,tmt_sym
0,4,1D,2,0.155946493,0.150670528,726120,363253,1452240,tmt_sym
0,4,1D,3,0.161434174,0.156007767,726120,363253,1452240,tmt_sym
0,4,1D,4,0.155874491,0.150552273,726120,363253,1452240,tmt_sym
0,4,1D,5,0.161409855,0.156011820,726120,363253,1452240,tmt_sym
0,4,1D,6,0.154861212,0.149580717,726120,363253,1452240,tmt_sym
0,4,1D,7,0.161321878,0.156007767,726120,363253,1452240,tmt_sym
0,4,1D,8,0.156007528,0.150664330,726120,363253,1452240,tmt_sym
0,4,1D,9,0.161444664,0.156015635,726120,363253,1452240,tmt_sym
0,8,1D,0,0.086105824,0.083617926,362930,230881,725860,tmt_sym
0,8,1D,1,0.086121082,0.083703279,362930,230881,725860,tmt_sym
0,8,1D,2,0.087499142,0.083799601,362930,230881,725860,tmt_sym
0,8,1D,3,0.089499474,0.084247351,362930,230881,725860,tmt_sym
0,8,1D,4,0.087443352,0.085016966,362930,230881,725860,tmt_sym
0,8,1D,5,0.086770296,0.081086636,362930,230881,725860,tmt_sym
0,8,1D,6,0.083453894,0.081083536,362930,230881,725860,tmt_sym
0,8,1D,7,0.087366104,0.081129313,362930,230881,725860,tmt_sym
0,8,1D,8,0.084940910,0.082513094,362930,230881,725860,tmt_sym
0,8,1D,9,0.086142063,0.083682299,362930,230881,725860,tmt_sym
0,16,1D,0,0.097484589,0.096236467,181270,126558,362540,tmt_sym
0,16,1D,1,0.128398895,0.127164841,181270,126558,362540,tmt_sym
0,16,1D,2,0.129443645,0.128203630,181270,126558,362540,tmt_sym
0,16,1D,3,0.128351212,0.127164602,181270,126558,362540,tmt_sym
0,16,1D,4,0.129389763,0.128147602,181270,126558,362540,tmt_sym
0,16,1D,5,0.129391193,0.128154278,181270,126558,362540,tmt_sym
0,16,1D,6,0.128417492,0.127171993,181270,126558,362540,tmt_sym
0,16,1D,7,0.095547676,0.093167543,181270,126558,362540,tmt_sym
0,16,1D,8,0.129091740,0.096159697,181270,126558,362540,tmt_sym
0,16,1D,9,0.129121304,0.096172094,181270,126558,362540,tmt_sym
0,32,1D,0,0.191345215,0.190002441,90585,65697,181170,tmt_sym
0,32,1D,1,0.260627031,0.189986706,90585,65697,181170,tmt_sym
0,32,1D,2,0.194211960,0.192011356,90585,65697,181170,tmt_sym
0,32,1D,3,0.256619453,0.192278385,90585,65697,181170,tmt_sym
0,32,1D,4,0.196062326,0.193180323,90585,65697,181170,tmt_sym
0,32,1D,5,0.187484264,0.186006308,90585,65697,181170,tmt_sym
0,32,1D,6,0.256610870,0.189984798,90585,65697,181170,tmt_sym
0,32,1D,7,0.193868876,0.192009211,90585,65697,181170,tmt_sym
0,32,1D,8,0.194901943,0.193009377,90585,65697,181170,tmt_sym
0,32,1D,9,0.253653526,0.187989235,90585,65697,181170,tmt_sym
0,64,1D,0,0.508729458,0.508159161,45253,33413,90506,tmt_sym
0,64,1D,1,0.508737803,0.508158207,45253,33413,90506,tmt_sym
0,64,1D,2,0.508729696,0.508152485,45253,33413,90506,tmt_sym
0,64,1D,3,0.512717962,0.512146235,45253,33413,90506,tmt_sym
0,64,1D,4,0.512653828,0.512084246,45253,33413,90506,tmt_sym
0,64,1D,5,0.512669325,0.512090445,45253,33413,90506,tmt_sym
0,64,1D,6,0.512661219,0.512087822,45253,33413,90506,tmt_sym
0,64,1D,7,0.508663177,0.508088350,45253,33413,90506,tmt_sym
0,64,1D,8,0.508745670,0.508165121,45253,33413,90506,tmt_sym
0,64,1D,9,0.508778811,0.508189917,45253,33413,90506,tmt_sym
0,128,1D,0,1.793339729,1.793006897,22609,16797,45218,tmt_sym
0,128,1D,1,1.792356491,1.792022228,22609,16797,45218,tmt_sym
0,128,1D,2,1.791359186,1.791026592,22609,16797,45218,tmt_sym
0,128,1D,3,1.954105139,1.953073025,22609,16797,45218,tmt_sym
0,128,1D,4,1.792394400,1.792060852,22609,16797,45218,tmt_sym
0,128,1D,5,1.789392710,1.789060116,22609,16797,45218,tmt_sym
0,128,1D,6,1.792395592,1.792059898,22609,16797,45218,tmt_sym
0,128,1D,7,1.792397261,1.792060375,22609,16797,45218,tmt_sym
0,128,1D,8,1.793390036,1.793062210,22609,16797,45218,tmt_sym
0,128,1D,9,1.792490721,1.792148352,22609,16797,45218,tmt_sym
0,2,2D,0,0.024380684,0.019058466,15771362,0,31542724,Hook_1498
0,2,2D,1,0.020534515,0.015681267,15771362,0,31542724,Hook_1498
0,2,2D,2,0.019800186,0.015166044,15771362,0,31542724,Hook_1498
0,2,2D,3,0.019588470,0.015022993,15771362,0,31542724,Hook_1498
0,2,2D,4,0.019401789,0.014973164,15771362,0,31542724,Hook_1498
0,2,2D,5,0.019473076,0.015026808,15771362,0,31542724,Hook_1498
0,2,2D,6,0.019231558,0.014890432,15771362,0,31542724,Hook_1498
0,2,2D,7,0.019588947,0.015196323,15771362,0,31542724,Hook_1498
0,2,2D,8,0.019230366,0.014882088,15771362,0,31542724,Hook_1498
0,2,2D,9,0.019314289,0.015002728,15771362,0,31542724,Hook_1498
0,4,2D,0,0.033116817,0.028244495,15524280,0,31048560,Hook_1498
0,4,2D,1,0.032800674,0.028190136,15524280,0,31048560,Hook_1498
0,4,2D,2,0.052590132,0.048230410,15524280,0,31048560,Hook_1498
0,4,2D,3,0.032723665,0.028357983,15524280,0,31048560,Hook_1498
0,4,2D,4,0.028800011,0.024574995,15524280,0,31048560,Hook_1498
0,4,2D,5,0.028765202,0.024573803,15524280,0,31048560,Hook_1498
0,4,2D,6,0.028788567,0.024625540,15524280,0,31048560,Hook_1498
0,4,2D,7,0.028770208,0.024584532,15524280,0,31048560,Hook_1498
0,4,2D,8,0.028784037,0.024584770,15524280,0,31048560,Hook_1498
0,4,2D,9,0.028763771,0.024615049,15524280,0,31048560,Hook_1498
0,8,2D,0,1.802011490,1.796396255,7915821,0,15831642,Hook_1498
0,8,2D,1,1.796013117,1.790979385,7915821,0,15831642,Hook_1498
0,8,2D,2,1.816999197,1.811577320,7915821,0,15831642,Hook_1498
0,8,2D,3,1.707001448,1.702272654,7915821,0,15831642,Hook_1498
0,8,2D,4,1.735997438,1.730590582,7915821,0,15831642,Hook_1498
0,8,2D,5,1.739003420,1.734061241,7915821,0,15831642,Hook_1498
0,8,2D,6,1.680002928,1.674805880,7915821,0,15831642,Hook_1498
0,8,2D,7,1.710998297,1.706301451,7915821,0,15831642,Hook_1498
0,8,2D,8,1.732229233,1.701749086,7915821,0,15831642,Hook_1498
0,8,2D,9,1.709230423,1.704510927,7915821,0,15831642,Hook_1498
0,16,2D,0,1.233999729,1.139090061,7721104,0,15442208,Hook_1498
0,16,2D,1,1.184002638,1.116968155,7721104,0,15442208,Hook_1498
0,16,2D,2,1.216004848,1.120090008,7721104,0,15442208,Hook_1498
0,16,2D,3,1.108005524,1.041098833,7721104,0,15442208,Hook_1498
0,16,2D,4,1.121006966,1.059092045,7721104,0,15442208,Hook_1498
0,16,2D,5,1.059136629,0.995097160,7721104,0,15442208,Hook_1498
0,16,2D,6,1.053140402,0.987097740,7721104,0,15442208,Hook_1498
0,16,2D,7,1.050087214,0.988108397,7721104,0,15442208,Hook_1498
0,16,2D,8,1.060007334,1.024085045,7721104,0,15442208,Hook_1498
0,16,2D,9,1.187603712,1.125557899,7721104,0,15442208,Hook_1498
0,32,2D,0,3.640999794,3.577137947,3937136,0,7874272,Hook_1498
0,32,2D,1,3.582998991,3.519037724,3937136,0,7874272,Hook_1498
0,32,2D,2,3.613005400,3.562038898,3937136,0,7874272,Hook_1498
0,32,2D,3,3.374010324,3.311091423,3937136,0,7874272,Hook_1498
0,32,2D,4,3.624003887,3.560026169,3937136,0,7874272,Hook_1498
0,32,2D,5,3.645997763,3.583037615,3937136,0,7874272,Hook_1498
0,32,2D,6,3.579989195,3.518045425,3937136,0,7874272,Hook_1498
0,32,2D,7,3.581027269,3.520037174,3937136,0,7874272,Hook_1498
0,32,2D,8,3.647995710,3.584034204,3937136,0,7874272,Hook_1498
0,32,2D,9,3.780994892,3.718034744,3937136,0,7874272,Hook_1498
0,64,2D,0,3.967994690,3.837852955,3833892,0,7667784,Hook_1498
0,64,2D,1,3.967993021,3.837830544,3833892,0,7667784,Hook_1498
0,64,2D,2,3.972009659,3.841875076,3833892,0,7667784,Hook_1498
0,64,2D,3,3.964015484,3.833762646,3833892,0,7667784,Hook_1498
0,64,2D,4,3.963993788,3.833864212,3833892,0,7667784,Hook_1498
0,64,2D,5,3.971995354,3.841868639,3833892,0,7667784,Hook_1498
0,64,2D,6,3.963993073,3.833853722,3833892,0,7667784,Hook_1498
0,64,2D,7,3.968991995,3.838857889,3833892,0,7667784,Hook_1498
0,64,2D,8,3.970989227,3.840863705,3833892,0,7667784,Hook_1498
0,64,2D,9,3.967000723,3.838849068,3833892,0,7667784,Hook_1498
0,128,2D,0,9.729040861,9.725749731,1954287,0,3908574,Hook_1498
0,128,2D,1,9.728037596,9.724740982,1954287,0,3908574,Hook_1498
0,128,2D,2,9.984005213,9.980708599,1954287,0,3908574,Hook_1498
0,128,2D,3,9.732041121,9.728737116,1954287,0,3908574,Hook_1498
0,128,2D,4,9.728005171,9.724708557,1954287,0,3908574,Hook_1498
0,128,2D,5,9.984001160,9.980709791,1954287,0,3908574,Hook_1498
0,128,2D,6,9.985005379,9.981709957,1954287,0,3908574,Hook_1498
0,128,2D,7,10.493021011,10.489733219,1954287,0,3908574,Hook_1498
0,128,2D,8,10.240012646,10.236712217,1954287,0,3908574,Hook_1498
0,128,2D,9,10.240020752,10.236722946,1954287,0,3908574,Hook_1498
0,2,2D,0,0.030920506,0.022212505,5658766,0,11317532,msdoor
0,2,2D,1,0.012369156,0.010927200,5658766,0,11317532,msdoor
0,2,2D,2,0.010175228,0.008865595,5658766,0,11317532,msdoor
0,2,2D,3,0.007748365,0.006538868,5658766,0,11317532,msdoor
0,2,2D,4,0.007332325,0.006178379,5658766,0,11317532,msdoor
0,2,2D,5,0.007265091,0.006170988,5658766,0,11317532,msdoor
0,2,2D,6,0.007241964,0.006186247,5658766,0,11317532,msdoor
0,2,2D,7,0.007244349,0.006192684,5658766,0,11317532,msdoor
0,2,2D,8,0.007162333,0.006154060,5658766,0,11317532,msdoor
0,2,2D,9,0.006823301,0.005808592,5658766,0,11317532,msdoor
0,4,2D,0,0.008126736,0.006672382,4823733,0,9647466,msdoor
0,4,2D,1,0.005677462,0.004444838,4823733,0,9647466,msdoor
0,4,2D,2,0.005186558,0.004002333,4823733,0,9647466,msdoor
0,4,2D,3,0.004839659,0.003736973,4823733,0,9647466,msdoor
0,4,2D,4,0.004747391,0.003628016,4823733,0,9647466,msdoor
0,4,2D,5,0.004442692,0.003396749,4823733,0,9647466,msdoor
0,4,2D,6,0.004317760,0.003280401,4823733,0,9647466,msdoor
0,4,2D,7,0.004251480,0.003209591,4823733,0,9647466,msdoor
0,4,2D,8,0.004176617,0.003139734,4823733,0,9647466,msdoor
0,4,2D,9,0.004500389,0.003470659,4823733,0,9647466,msdoor
0,8,2D,0,0.615989208,0.614300251,2751760,0,5503520,msdoor
0,8,2D,1,0.615993023,0.614370584,2751760,0,5503520,msdoor
0,8,2D,2,0.615994692,0.614393950,2751760,0,5503520,msdoor
0,8,2D,3,0.616005659,0.614428520,2751760,0,5503520,msdoor
0,8,2D,4,0.614988565,0.613503933,2751760,0,5503520,msdoor
0,8,2D,5,0.616001129,0.614402771,2751760,0,5503520,msdoor
0,8,2D,6,0.615991592,0.614435911,2751760,0,5503520,msdoor
0,8,2D,7,0.616007090,0.614319324,2751760,0,5503520,msdoor
0,8,2D,8,0.615992785,0.614578247,2751760,0,5503520,msdoor
0,8,2D,9,0.616004705,0.614539862,2751760,0,5503520,msdoor
0,16,2D,0,0.386994600,0.384724140,2469148,0,4938296,msdoor
0,16,2D,1,0.436261177,0.433983564,2469148,0,4938296,msdoor
0,16,2D,2,0.510998964,0.508754969,2469148,0,4938296,msdoor
0,16,2D,3,0.450999737,0.448543310,2469148,0,4938296,msdoor
0,16,2D,4,0.447000265,0.444628000,2469148,0,4938296,msdoor
0,16,2D,5,0.447000504,0.444890976,2469148,0,4938296,msdoor
0,16,2D,6,0.416002989,0.413666010,2469148,0,4938296,msdoor
0,16,2D,7,0.480001450,0.478013515,2469148,0,4938296,msdoor
0,16,2D,8,0.447999239,0.445905447,2469148,0,4938296,msdoor
0,16,2D,9,0.483120441,0.481025457,2469148,0,4938296,msdoor
0,32,2D,0,1.410000086,1.407807112,1324463,0,2648926,msdoor
0,32,2D,1,1.331001282,1.328889370,1324463,0,2648926,msdoor
0,32,2D,2,1.340988398,1.338911057,1324463,0,2648926,msdoor
0,32,2D,3,1.340997696,1.338937283,1324463,0,2648926,msdoor
0,32,2D,4,1.404989719,1.402997017,1324463,0,2648926,msdoor
0,32,2D,5,1.405984640,1.404006958,1324463,0,2648926,msdoor
0,32,2D,6,1.345997810,1.344022274,1324463,0,2648926,msdoor
0,32,2D,7,1.405995846,1.404023647,1324463,0,2648926,msdoor
0,32,2D,8,1.280995369,1.279027939,1324463,0,2648926,msdoor
0,32,2D,9,1.283989191,1.282045364,1324463,0,2648926,msdoor
0,64,2D,0,1.660000086,1.658181429,1191716,0,2383432,msdoor
0,64,2D,1,1.663997889,1.662184000,1191716,0,2383432,msdoor
0,64,2D,2,1.667990685,1.666168690,1191716,0,2383432,msdoor
0,64,2D,3,1.663995743,1.662173748,1191716,0,2383432,msdoor
0,64,2D,4,1.663995981,1.662166357,1191716,0,2383432,msdoor
0,64,2D,5,1.664000034,1.662163973,1191716,0,2383432,msdoor
0,64,2D,6,1.664006710,1.662181616,1191716,0,2383432,msdoor
0,64,2D,7,1.660000324,1.658164263,1191716,0,2383432,msdoor
0,64,2D,8,1.663993597,1.662171602,1191716,0,2383432,msdoor
0,64,2D,9,1.663995504,1.662169695,1191716,0,2383432,msdoor
0,128,2D,0,4.352006435,4.349437952,624351,0,1248702,msdoor
0,128,2D,1,4.600000381,4.598981857,624351,0,1248702,msdoor
0,128,2D,2,4.607990503,4.606973886,624351,0,1248702,msdoor
0,128,2D,3,4.607999802,4.606984854,624351,0,1248702,msdoor
0,128,2D,4,4.608000994,4.606977701,624351,0,1248702,msdoor
0,128,2D,5,4.607995033,4.606980085,624351,0,1248702,msdoor
0,128,2D,6,4.608006001,4.606984377,624351,0,1248702,msdoor
0,128,2D,7,4.608990192,4.607976913,624351,0,1248702,msdoor
0,128,2D,8,4.611994267,4.610973597,624351,0,1248702,msdoor
0,128,2D,9,4.607034683,4.606012344,624351,0,1248702,msdoor
0,2,2D,0,0.012307405,0.011151791,1452885,0,2905770,tmt_sym
0,2,2D,1,0.010351896,0.009359121,1452885,0,2905770,tmt_sym
0,2,2D,2,0.009287119,0.008358717,1452885,0,2905770,tmt_sym
0,2,2D,3,0.017440557,0.016374111,1452885,0,2905770,tmt_sym
0,2,2D,4,0.008205175,0.007281303,1452885,0,2905770,tmt_sym
0,2,2D,5,0.008228302,0.007238150,1452885,0,2905770,tmt_sym
0,2,2D,6,0.007969856,0.007063866,1452885,0,2905770,tmt_sym
0,2,2D,7,0.008078098,0.007117987,1452885,0,2905770,tmt_sym
0,2,2D,8,0.008008242,0.007069826,1452885,0,2905770,tmt_sym
0,2,2D,9,0.007948637,0.007058144,1452885,0,2905770,tmt_sym
0,4,2D,0,0.005400896,0.004107475,1450962,0,2901924,tmt_sym
0,4,2D,1,0.005108118,0.003951788,1450962,0,2901924,tmt_sym
0,4,2D,2,0.004981279,0.003831148,1450962,0,2901924,tmt_sym
0,4,2D,3,0.004912853,0.003790379,1450962,0,2901924,tmt_sym
0,4,2D,4,0.004824877,0.003694773,1450962,0,2901924,tmt_sym
0,4,2D,5,0.004873037,0.003752708,1450962,0,2901924,tmt_sym
0,4,2D,6,0.004822493,0.003700018,1450962,0,2901924,tmt_sym
0,4,2D,7,0.004824162,0.003690481,1450962,0,2901924,tmt_sym
0,4,2D,8,0.004870176,0.003716707,1450962,0,2901924,tmt_sym
0,4,2D,9,0.004820824,0.003697872,1450962,0,2901924,tmt_sym
0,8,2D,0,0.983986855,0.982616901,726504,0,1453008,tmt_sym
0,8,2D,1,0.924988508,0.923789740,726504,0,1453008,tmt_sym
0,8,2D,2,0.979986429,0.978568077,726504,0,1453008,tmt_sym
0,8,2D,3,0.979987144,0.978696823,726504,0,1453008,tmt_sym
0,8,2D,4,0.951991320,0.950645924,726504,0,1453008,tmt_sym
0,8,2D,5,0.979987621,0.978704453,726504,0,1453008,tmt_sym
0,8,2D,6,0.951988697,0.950663567,726504,0,1453008,tmt_sym
0,8,2D,7,0.904998541,0.903696537,726504,0,1453008,tmt_sym
0,8,2D,8,0.976038694,0.946697235,726504,0,1453008,tmt_sym
0,8,2D,9,0.988042593,0.978736162,726504,0,1453008,tmt_sym
0,16,2D,0,0.677999020,0.676330805,724743,0,1449486,tmt_sym
0,16,2D,1,0.607003689,0.605505466,724743,0,1449486,tmt_sym
0,16,2D,2,0.627002954,0.625629187,724743,0,1449486,tmt_sym
0,16,2D,3,0.543007612,0.541673422,724743,0,1449486,tmt_sym
0,16,2D,4,0.544006348,0.542523623,724743,0,1449486,tmt_sym
0,16,2D,5,0.542041779,0.540618658,724743,0,1449486,tmt_sym
0,16,2D,6,0.514039040,0.512734175,724743,0,1449486,tmt_sym
0,16,2D,7,0.511999130,0.510810852,724743,0,1449486,tmt_sym
0,16,2D,8,0.513007402,0.511667490,724743,0,1449486,tmt_sym
0,16,2D,9,0.511035919,0.509587526,724743,0,1449486,tmt_sym
0,32,2D,0,2.046998978,2.045212507,363270,0,726540,tmt_sym
0,32,2D,1,2.236996174,2.235372066,363270,0,726540,tmt_sym
0,32,2D,2,1.984007835,1.982424021,363270,0,726540,tmt_sym
0,32,2D,3,1.983996868,1.982528687,363270,0,726540,tmt_sym
0,32,2D,4,2.032011747,2.030603886,363270,0,726540,tmt_sym
0,32,2D,5,2.049008131,2.047588110,363270,0,726540,tmt_sym
0,32,2D,6,2.039006233,2.037604570,363270,0,726540,tmt_sym
0,32,2D,7,2.046993732,2.045612812,363270,0,726540,tmt_sym
0,32,2D,8,1.958991766,1.957609177,363270,0,726540,tmt_sym
0,32,2D,9,1.992995739,1.991593599,363270,0,726540,tmt_sym
0,64,2D,0,2.304009438,2.303006411,361783,0,723566,tmt_sym
0,64,2D,1,2.116043329,2.115035295,361783,0,723566,tmt_sym
0,64,2D,2,2.307012320,2.304730177,361783,0,723566,tmt_sym
0,64,2D,3,2.300006390,2.298994780,361783,0,723566,tmt_sym
0,64,2D,4,2.304013729,2.303006411,361783,0,723566,tmt_sym
0,64,2D,5,2.304013968,2.303003550,361783,0,723566,tmt_sym
0,64,2D,6,2.404015541,2.403009653,361783,0,723566,tmt_sym
0,64,2D,7,2.427997589,2.426990747,361783,0,723566,tmt_sym
0,64,2D,8,2.432015419,2.431008101,361783,0,723566,tmt_sym
0,64,2D,9,2.432015657,2.431006432,361783,0,723566,tmt_sym
0,128,2D,0,8.196001768,8.194646597,181626,0,363252,tmt_sym
0,128,2D,1,8.703985453,8.703396320,181626,0,363252,tmt_sym
0,128,2D,2,8.187998533,8.187407732,181626,0,363252,tmt_sym
0,128,2D,3,8.452013493,8.451418877,181626,0,363252,tmt_sym
0,128,2D,4,8.448996544,8.448404789,181626,0,363252,tmt_sym
0,128,2D,5,8.192018270,8.191426277,181626,0,363252,tmt_sym
0,128,2D,6,8.448017359,8.447423697,181626,0,363252,tmt_sym
0,128,2D,7,8.194992304,8.194400549,181626,0,363252,tmt_sym
0,128,2D,8,8.443981647,8.443390608,181626,0,363252,tmt_sym
0,128,2D,9,8.439512014,8.438919544,181626,0,363252,tmt_sym
0,2,2D_cyclic,0,0.026027918,0.020836353,15604795,374506,31209590,Hook_1498
0,2,2D_cyclic,1,0.024147511,0.019416332,15604795,374506,31209590,Hook_1498
0,2,2D_cyclic,2,0.023796558,0.019221544,15604795,374506,31209590,Hook_1498
0,2,2D_cyclic,3,0.023831844,0.019378424,15604795,374506,31209590,Hook_1498
0,2,2D_cyclic,4,0.023911715,0.019623995,15604795,374506,31209590,Hook_1498
0,2,2D_cyclic,5,0.023920298,0.019668102,15604795,374506,31209590,Hook_1498
0,2,2D_cyclic,6,0.023950100,0.019764423,15604795,374506,31209590,Hook_1498
0,2,2D_cyclic,7,0.023807287,0.019691467,15604795,374506,31209590,Hook_1498
0,2,2D_cyclic,8,0.023955584,0.019812346,15604795,374506,31209590,Hook_1498
0,2,2D_cyclic,9,0.023895264,0.019785166,15604795,374506,31209590,Hook_1498
0,4,2D_cyclic,0,0.052656412,0.048493862,8006390,374506,16012780,Hook_1498
0,4,2D_cyclic,1,0.031605959,0.024652958,8006390,374506,16012780,Hook_1498
0,4,2D_cyclic,2,0.027589798,0.023896694,8006390,374506,16012780,Hook_1498
0,4,2D_cyclic,3,0.028234720,0.024448395,8006390,374506,16012780,Hook_1498
0,4,2D_cyclic,4,0.028545856,0.024684668,8006390,374506,16012780,Hook_1498
0,4,2D_cyclic,5,0.026961565,0.023240566,8006390,374506,16012780,Hook_1498
0,4,2D_cyclic,6,0.027487040,0.023911476,8006390,374506,16012780,Hook_1498
0,4,2D_cyclic,7,0.027839184,0.024237633,8006390,374506,16012780,Hook_1498
0,4,2D_cyclic,8,0.028476238,0.024892092,8006390,374506,16012780,Hook_1498
0,4,2D_cyclic,9,0.026914835,0.023355961,8006390,374506,16012780,Hook_1498
0,8,2D_cyclic,0,1.936004877,1.929828167,4002797,280879,8005594,Hook_1498
0,8,2D_cyclic,1,2.026002407,2.021401644,4002797,280879,8005594,Hook_1498
0,8,2D_cyclic,2,1.959999323,1.953465223,4002797,280879,8005594,Hook_1498
0,8,2D_cyclic,3,1.991005421,1.985951185,4002797,280879,8005594,Hook_1498
0,8,2D_cyclic,4,2.016002655,1.988067627,4002797,280879,8005594,Hook_1498
0,8,2D_cyclic,5,1.935010672,1.929506063,4002797,280879,8005594,Hook_1498
0,8,2D_cyclic,6,1.945997715,1.941404581,4002797,280879,8005594,Hook_1498
0,8,2D_cyclic,7,1.911001444,1.906607151,4002797,280879,8005594,Hook_1498
0,8,2D_cyclic,8,1.901001692,1.896371603,4002797,280879,8005594,Hook_1498
0,8,2D_cyclic,9,1.931037188,1.926560163,4002797,280879,8005594,Hook_1498
0,16,2D_cyclic,0,1.537993193,1.474045515,2109839,280879,4219678,Hook_1498
0,16,2D_cyclic,1,1.298000813,1.216085434,2109839,280879,4219678,Hook_1498
0,16,2D_cyclic,2,1.412990570,1.336045027,2109839,280879,4219678,Hook_1498
0,16,2D_cyclic,3,1.365000010,1.299055576,2109839,280879,4219678,Hook_1498
0,16,2D_cyclic,4,1.416084766,1.357142687,2109839,280879,4219678,Hook_1498
0,16,2D_cyclic,5,1.274998188,1.213281631,2109839,280879,4219678,Hook_1498
0,16,2D_cyclic,6,1.352998257,1.321939945,2109839,280879,4219678,Hook_1498
0,16,2D_cyclic,7,1.407991648,1.344415426,2109839,280879,4219678,Hook_1498
0,16,2D_cyclic,8,1.414989233,1.372911215,2109839,280879,4219678,Hook_1498
0,16,2D_cyclic,9,1.375054598,1.310111284,2109839,280879,4219678,Hook_1498
0,32,2D_cyclic,0,3.926000357,3.769191504,1054601,163846,2109202,Hook_1498
0,32,2D_cyclic,1,3.971003532,3.907033443,1054601,163846,2109202,Hook_1498
0,32,2D_cyclic,2,3.908998251,3.720482826,1054601,163846,2109202,Hook_1498
0,32,2D_cyclic,3,3.810992956,3.647884130,1054601,163846,2109202,Hook_1498
0,32,2D_cyclic,4,3.847997427,3.784030199,1054601,163846,2109202,Hook_1498
0,32,2D_cyclic,5,3.772992611,3.712209940,1054601,163846,2109202,Hook_1498
0,32,2D_cyclic,6,3.841995001,3.781860590,1054601,163846,2109202,Hook_1498
0,32,2D_cyclic,7,3.899993658,3.839951754,1054601,163846,2109202,Hook_1498
0,32,2D_cyclic,8,3.780002594,3.716680765,1054601,163846,2109202,Hook_1498
0,32,2D_cyclic,9,3.777000904,3.716804266,1054601,163846,2109202,Hook_1498
0,64,2D_cyclic,0,4.607997417,4.605334282,589831,163846,1179662,Hook_1498
0,64,2D_cyclic,1,4.739010096,4.612305880,589831,163846,1179662,Hook_1498
0,64,2D_cyclic,2,4.452011347,4.325329781,589831,163846,1179662,Hook_1498
0,64,2D_cyclic,3,4.475995064,4.349288464,589831,163846,1179662,Hook_1498
0,64,2D_cyclic,4,4.480994463,4.353276968,589831,163846,1179662,Hook_1498
0,64,2D_cyclic,5,4.479994059,4.477336407,589831,163846,1179662,Hook_1498
0,64,2D_cyclic,6,4.348014355,4.345330954,589831,163846,1179662,Hook_1498
0,64,2D_cyclic,7,4.735990047,4.733320951,589831,163846,1179662,Hook_1498
0,64,2D_cyclic,8,4.480012655,4.353316784,589831,163846,1179662,Hook_1498
0,64,2D_cyclic,9,4.604065895,4.601389408,589831,163846,1179662,Hook_1498
0,128,2D_cyclic,0,10.492022276,10.489896297,294786,87775,589572,Hook_1498
0,128,2D_cyclic,1,10.496033907,10.493910313,294786,87775,589572,Hook_1498
0,128,2D_cyclic,2,10.495005131,10.492874861,294786,87775,589572,Hook_1498
0,128,2D_cyclic,3,10.496038914,10.493906260,294786,87775,589572,Hook_1498
0,128,2D_cyclic,4,10.759001017,10.756873369,294786,87775,589572,Hook_1498
0,128,2D_cyclic,5,10.241036177,10.238908529,294786,87775,589572,Hook_1498
0,128,2D_cyclic,6,9.991036415,9.988912344,294786,87775,589572,Hook_1498
0,128,2D_cyclic,7,10.236035109,10.233906269,294786,87775,589572,Hook_1498
0,128,2D_cyclic,8,10.236040115,10.233913898,294786,87775,589572,Hook_1498
0,128,2D_cyclic,9,10.244044065,10.241906166,294786,87775,589572,Hook_1498
0,2,2D_cyclic,0,0.009940624,0.008474112,5177581,103966,10355162,msdoor
0,2,2D_cyclic,1,0.008647442,0.007363558,5177581,103966,10355162,msdoor
0,2,2D_cyclic,2,0.007866383,0.006732225,5177581,103966,10355162,msdoor
0,2,2D_cyclic,3,0.007276058,0.006211519,5177581,103966,10355162,msdoor
0,2,2D_cyclic,4,0.006532192,0.005496264,5177581,103966,10355162,msdoor
0,2,2D_cyclic,5,0.006279469,0.005273581,5177581,103966,10355162,msdoor
0,2,2D_cyclic,6,0.006164551,0.005187750,5177581,103966,10355162,msdoor
0,2,2D_cyclic,7,0.006094694,0.005133867,5177581,103966,10355162,msdoor
0,2,2D_cyclic,8,0.006056547,0.005096436,5177581,103966,10355162,msdoor
0,2,2D_cyclic,9,0.006051302,0.005086184,5177581,103966,10355162,msdoor
0,4,2D_cyclic,0,0.007215738,0.006112099,2632180,103966,5264360,msdoor
0,4,2D_cyclic,1,0.006640434,0.005540609,2632180,103966,5264360,msdoor
0,4,2D_cyclic,2,0.036235809,0.033311367,2632180,103966,5264360,msdoor
0,4,2D_cyclic,3,0.025569916,0.024593592,2632180,103966,5264360,msdoor
0,4,2D_cyclic,4,0.025265694,0.024289608,2632180,103966,5264360,msdoor
0,4,2D_cyclic,5,0.024613619,0.023649693,2632180,103966,5264360,msdoor
0,4,2D_cyclic,6,0.024659157,0.023712635,2632180,103966,5264360,msdoor
0,4,2D_cyclic,7,0.005000114,0.004053116,2632180,103966,5264360,msdoor
0,4,2D_cyclic,8,0.004910707,0.003975153,2632180,103966,5264360,msdoor
0,4,2D_cyclic,9,0.004968643,0.004042625,2632180,103966,5264360,msdoor
0,8,2D_cyclic,0,0.699992657,0.698325396,1323668,77974,2647336,msdoor
0,8,2D_cyclic,1,0.705994368,0.704446793,1323668,77974,2647336,msdoor
0,8,2D_cyclic,2,0.754998684,0.753403902,1323668,77974,2647336,msdoor
0,8,2D_cyclic,3,0.698993444,0.697364569,1323668,77974,2647336,msdoor
0,8,2D_cyclic,4,0.642995596,0.641497135,1323668,77974,2647336,msdoor
0,8,2D_cyclic,5,0.714281082,0.710937023,1323668,77974,2647336,msdoor
0,8,2D_cyclic,6,0.706000328,0.704541922,1323668,77974,2647336,msdoor
0,8,2D_cyclic,7,0.698998213,0.697541952,1323668,77974,2647336,msdoor
0,8,2D_cyclic,8,0.727990866,0.724539042,1323668,77974,2647336,msdoor
0,8,2D_cyclic,9,0.649993658,0.645840883,1323668,77974,2647336,msdoor
0,16,2D_cyclic,0,0.415995359,0.414051056,687717,77974,1375434,msdoor
0,16,2D_cyclic,1,0.447993994,0.446176052,687717,77974,1375434,msdoor
0,16,2D_cyclic,2,0.546992540,0.516379595,687717,77974,1375434,msdoor
0,16,2D_cyclic,3,0.606992006,0.604270697,687717,77974,1375434,msdoor
0,16,2D_cyclic,4,0.447996378,0.419810772,687717,77974,1375434,msdoor
0,16,2D_cyclic,5,0.509992838,0.479293346,687717,77974,1375434,msdoor
0,16,2D_cyclic,6,0.447995424,0.419786692,687717,77974,1375434,msdoor
0,16,2D_cyclic,7,0.512001991,0.481327295,687717,77974,1375434,msdoor
0,16,2D_cyclic,8,0.479997635,0.448006630,687717,77974,1375434,msdoor
0,16,2D_cyclic,9,0.479994297,0.449314356,687717,77974,1375434,msdoor
0,32,2D_cyclic,0,1.602986574,1.600910425,345634,45485,691268,msdoor
0,32,2D_cyclic,1,1.408995152,1.345014572,345634,45485,691268,msdoor
0,32,2D_cyclic,2,1.410362720,1.346426964,345634,45485,691268,msdoor
0,32,2D_cyclic,3,1.471996307,1.468087435,345634,45485,691268,msdoor
0,32,2D_cyclic,4,1.534989834,1.533033371,345634,45485,691268,msdoor
0,32,2D_cyclic,5,1.534988642,1.532374144,345634,45485,691268,msdoor
0,32,2D_cyclic,6,1.405992746,1.402218342,345634,45485,691268,msdoor
0,32,2D_cyclic,7,1.278437853,1.276048660,345634,45485,691268,msdoor
0,32,2D_cyclic,8,1.406434059,1.402633905,345634,45485,691268,msdoor
0,32,2D_cyclic,9,1.407990694,1.344004631,345634,45485,691268,msdoor
0,64,2D_cyclic,0,1.915992498,1.915036201,187620,45485,375240,msdoor
0,64,2D_cyclic,1,1.919997454,1.919037342,187620,45485,375240,msdoor
0,64,2D_cyclic,2,1.920998812,1.920030594,187620,45485,375240,msdoor
0,64,2D_cyclic,3,1.919996977,1.919028759,187620,45485,375240,msdoor
0,64,2D_cyclic,4,1.919993877,1.919030666,187620,45485,375240,msdoor
0,64,2D_cyclic,5,1.793001652,1.792045593,187620,45485,375240,msdoor
0,64,2D_cyclic,6,1.915997267,1.915027618,187620,45485,375240,msdoor
0,64,2D_cyclic,7,1.920001507,1.919041395,187620,45485,375240,msdoor
0,64,2D_cyclic,8,1.919987679,1.919021606,187620,45485,375240,msdoor
0,64,2D_cyclic,9,1.918995857,1.918020487,187620,45485,375240,msdoor
0,128,2D_cyclic,0,5.119012356,5.118340492,92851,24367,185702,msdoor
0,128,2D_cyclic,1,5.120003939,5.119331837,92851,24367,185702,msdoor
0,128,2D_cyclic,2,5.118989706,5.118305683,92851,24367,185702,msdoor
0,128,2D_cyclic,3,5.120996952,5.120326757,92851,24367,185702,msdoor
0,128,2D_cyclic,4,4.864006758,4.863325357,92851,24367,185702,msdoor
0,128,2D_cyclic,5,4.861011505,4.860332251,92851,24367,185702,msdoor
0,128,2D_cyclic,6,4.862013817,4.861330509,92851,24367,185702,msdoor
0,128,2D_cyclic,7,4.864015102,4.863351107,92851,24367,185702,msdoor
0,128,2D_cyclic,8,4.865016222,4.864336252,92851,24367,185702,msdoor
0,128,2D_cyclic,9,4.864034414,4.863370895,92851,24367,185702,msdoor
0,2,2D_cyclic,0,0.013874769,0.012673855,1451920,181678,2903840,tmt_sym
0,2,2D_cyclic,1,0.011452913,0.010399103,1451920,181678,2903840,tmt_sym
0,2,2D_cyclic,2,0.010497093,0.009489775,1451920,181678,2903840,tmt_sym
0,2,2D_cyclic,3,0.010280848,0.009298325,1451920,181678,2903840,tmt_sym
0,2,2D_cyclic,4,0.010129690,0.009164095,1451920,181678,2903840,tmt_sym
0,2,2D_cyclic,5,0.010109663,0.009148359,1451920,181678,2903840,tmt_sym
0,2,2D_cyclic,6,0.010343552,0.009392023,1451920,181678,2903840,tmt_sym
0,2,2D_cyclic,7,0.010089636,0.009129047,1451920,181678,2903840,tmt_sym
0,2,2D_cyclic,8,0.010195017,0.009251356,1451920,181678,2903840,tmt_sym
0,2,2D_cyclic,9,0.010084152,0.009135723,1451920,181678,2903840,tmt_sym
0,4,2D_cyclic,0,0.006784201,0.005468607,726184,181678,1452368,tmt_sym
0,4,2D_cyclic,1,0.006258011,0.005178690,726184,181678,1452368,tmt_sym
0,4,2D_cyclic,2,0.006184578,0.005140066,726184,181678,1452368,tmt_sym
0,4,2D_cyclic,3,0.006191254,0.005171061,726184,181678,1452368,tmt_sym
0,4,2D_cyclic,4,0.006186008,0.005181313,726184,181678,1452368,tmt_sym
0,4,2D_cyclic,5,0.006179571,0.005179882,726184,181678,1452368,tmt_sym
0,4,2D_cyclic,6,0.006165504,0.005155325,726184,181678,1452368,tmt_sym
0,4,2D_cyclic,7,0.006158113,0.005165815,726184,181678,1452368,tmt_sym
0,4,2D_cyclic,8,0.006145954,0.005161524,726184,181678,1452368,tmt_sym
0,4,2D_cyclic,9,0.006172895,0.005171537,726184,181678,1452368,tmt_sym
0,8,2D_cyclic,0,1.063993216,1.058018208,363176,136259,726352,tmt_sym
0,8,2D_cyclic,1,1.119985580,1.114482880,363176,136259,726352,tmt_sym
0,8,2D_cyclic,2,1.089997768,1.084722042,363176,136259,726352,tmt_sym
0,8,2D_cyclic,3,1.091996431,1.086015463,363176,136259,726352,tmt_sym
0,8,2D_cyclic,4,1.091999531,1.086031675,363176,136259,726352,tmt_sym
0,8,2D_cyclic,5,1.010986805,0.997506618,363176,136259,726352,tmt_sym
0,8,2D_cyclic,6,1.010992765,0.980042458,363176,136259,726352,tmt_sym
0,8,2D_cyclic,7,1.131992817,1.130155325,363176,136259,726352,tmt_sym
0,8,2D_cyclic,8,1.091974258,1.086000681,363176,136259,726352,tmt_sym
0,8,2D_cyclic,9,1.093986988,1.088264704,363176,136259,726352,tmt_sym
0,16,2D_cyclic,0,0.799996138,0.798306704,272215,136259,544430,tmt_sym
0,16,2D_cyclic,1,0.835002184,0.833465099,272215,136259,544430,tmt_sym
0,16,2D_cyclic,2,0.799993038,0.798438311,272215,136259,544430,tmt_sym
0,16,2D_cyclic,3,0.767993689,0.766495466,272215,136259,544430,tmt_sym
0,16,2D_cyclic,4,0.767993689,0.766506672,272215,136259,544430,tmt_sym
0,16,2D_cyclic,5,0.799993753,0.798488379,272215,136259,544430,tmt_sym
0,16,2D_cyclic,6,0.768000126,0.766478777,272215,136259,544430,tmt_sym
0,16,2D_cyclic,7,0.704002380,0.702533007,272215,136259,544430,tmt_sym
0,16,2D_cyclic,8,0.798991919,0.797470093,272215,136259,544430,tmt_sym
0,16,2D_cyclic,9,0.768003225,0.764492750,272215,136259,544430,tmt_sym
0,32,2D_cyclic,0,2.300986767,2.299488068,136050,79485,272100,tmt_sym
0,32,2D_cyclic,1,2.239999533,2.238418341,136050,79485,272100,tmt_sym
0,32,2D_cyclic,2,2.175997257,2.174577475,136050,79485,272100,tmt_sym
0,32,2D_cyclic,3,2.176001787,2.174533367,136050,79485,272100,tmt_sym
0,32,2D_cyclic,4,2.238997221,2.237626553,136050,79485,272100,tmt_sym
0,32,2D_cyclic,5,2.177001238,2.175641537,136050,79485,272100,tmt_sym
0,32,2D_cyclic,6,2.171992540,2.170658112,136050,79485,272100,tmt_sym
0,32,2D_cyclic,7,2.175989866,2.174664021,136050,79485,272100,tmt_sym
0,32,2D_cyclic,8,2.111994028,2.110687256,136050,79485,272100,tmt_sym
0,32,2D_cyclic,9,2.110992670,2.109651804,136050,79485,272100,tmt_sym
0,64,2D_cyclic,0,2.558004379,2.557410240,111269,79485,222538,tmt_sym
0,64,2D_cyclic,1,2.793051481,2.792459249,111269,79485,222538,tmt_sym
0,64,2D_cyclic,2,2.557994604,2.556390285,111269,79485,222538,tmt_sym
0,64,2D_cyclic,3,2.561003208,2.560403585,111269,79485,222538,tmt_sym
0,64,2D_cyclic,4,2.688000679,2.687405825,111269,79485,222538,tmt_sym
0,64,2D_cyclic,5,2.690003395,2.689416170,111269,79485,222538,tmt_sym
0,64,2D_cyclic,6,2.684001207,2.683413744,111269,79485,222538,tmt_sym
0,64,2D_cyclic,7,2.687997580,2.687400579,111269,79485,222538,tmt_sym
0,64,2D_cyclic,8,2.564001322,2.563408375,111269,79485,222538,tmt_sym
0,64,2D_cyclic,9,2.556000471,2.555405378,111269,79485,222538,tmt_sym
0,128,2D_cyclic,0,8.703997374,8.702596664,55638,42581,111276,tmt_sym
0,128,2D_cyclic,1,8.444982529,8.444494009,55638,42581,111276,tmt_sym
0,128,2D_cyclic,2,8.703989029,8.703497171,55638,42581,111276,tmt_sym
0,128,2D_cyclic,3,8.448987722,8.448496580,55638,42581,111276,tmt_sym
0,128,2D_cyclic,4,8.957986593,8.957500696,55638,42581,111276,tmt_sym
0,128,2D_cyclic,5,8.191987276,8.191500902,55638,42581,111276,tmt_sym
0,128,2D_cyclic,6,8.447998762,8.447515011,55638,42581,111276,tmt_sym
0,128,2D_cyclic,7,8.392012596,8.391516924,55638,42581,111276,tmt_sym
0,128,2D_cyclic,8,8.959990501,8.959496737,55638,42581,111276,tmt_sym
0,128,2D_cyclic,9,9.215993404,9.215505362,55638,42581,111276,tmt_sym
