num_procs,distribution,run,matrix,elapsed_time,comm_time,local_nz,ghost_entries,local_flops,comp_time
1,1D,0,Hook_1498,0.095649958,2.384e-06,31207734.0,0.0,62415468.0,0.095647574
1,1D,0,msdoor,0.028611898,1.192e-06,10328399.0,0.0,20656798.0,0.028610706
1,1D,0,tmt_sym,0.010992765,1.431e-06,2903837.0,0.0,5807674.0,0.010991334
1,1D,1,Hook_1498,0.09526062,2.146e-06,31207734.0,0.0,62415468.0,0.09525847400000001
1,1D,1,msdoor,0.028689861,1.907e-06,10328399.0,0.0,20656798.0,0.028687954
1,1D,1,tmt_sym,0.010946751,1.907e-06,2903837.0,0.0,5807674.0,0.010944843999999999
1,1D,2,Hook_1498,0.09525466,1.669e-06,31207734.0,0.0,62415468.0,0.09525299100000001
1,1D,2,msdoor,0.028829575,1.669e-06,10328399.0,0.0,20656798.0,0.028827906
1,1D,2,tmt_sym,0.010881901,1.192e-06,2903837.0,0.0,5807674.0,0.010880708999999999
1,1D,3,Hook_1498,0.095645905,1.669e-06,31207734.0,0.0,62415468.0,0.09564423600000001
1,1D,3,msdoor,0.028697968,1.907e-06,10328399.0,0.0,20656798.0,0.028696061000000002
1,1D,3,tmt_sym,0.010911703,1.192e-06,2903837.0,0.0,5807674.0,0.010910511
1,1D,4,Hook_1498,0.095491648,2.146e-06,31207734.0,0.0,62415468.0,0.095489502
1,1D,4,msdoor,0.028648138,2.146e-06,10328399.0,0.0,20656798.0,0.028645992
1,1D,4,tmt_sym,0.010910034,1.192e-06,2903837.0,0.0,5807674.0,0.010908842
1,1D,5,Hook_1498,0.095513105,1.907e-06,31207734.0,0.0,62415468.0,0.095511198
1,1D,5,msdoor,0.028564453,2.146e-06,10328399.0,0.0,20656798.0,0.028562307
1,1D,5,tmt_sym,0.010844946,1.192e-06,2903837.0,0.0,5807674.0,0.010843753999999999
1,1D,6,Hook_1498,0.095417976,2.623e-06,31207734.0,0.0,62415468.0,0.09541535300000001
1,1D,6,msdoor,0.028649092,1.907e-06,10328399.0,0.0,20656798.0,0.028647185000000002
1,1D,6,tmt_sym,0.010870457,1.192e-06,2903837.0,0.0,5807674.0,0.010869265
1,1D,7,Hook_1498,0.093267679,2.146e-06,31207734.0,0.0,62415468.0,0.09326553300000001
1,1D,7,msdoor,0.028676748,1.669e-06,10328399.0,0.0,20656798.0,0.028675079
1,1D,7,tmt_sym,0.010835648,1.192e-06,2903837.0,0.0,5807674.0,0.010834456
1,1D,8,Hook_1498,0.095457554,2.146e-06,31207734.0,0.0,62415468.0,0.095455408
1,1D,8,msdoor,0.028648615,1.669e-06,10328399.0,0.0,20656798.0,0.028646946
1,1D,8,tmt_sym,0.010867596,1.669e-06,2903837.0,0.0,5807674.0,0.010865927000000001
1,1D,9,Hook_1498,0.095329523,2.384e-06,31207734.0,0.0,62415468.0,0.095327139
1,1D,9,msdoor,0.028563499,2.384e-06,10328399.0,0.0,20656798.0,0.028561114999999998
1,1D,9,tmt_sym,0.010884523,1.192e-06,2903837.0,0.0,5807674.0,0.010883331
2,1D,0,Hook_1498,0.098213434,0.01194191,15603136.0,744635.0,31206272.0,0.086271524
2,1D,0,msdoor,0.025226355,0.004996538,5144923.0,202562.0,10289846.0,0.020229816999999997
2,1D,0,tmt_sym,0.017292976,0.006241798,1452176.0,363244.0,2904352.0,0.011051178000000002
2,1D,1,Hook_1498,0.094189644,0.008337736,15603136.0,744635.0,31206272.0,0.085851908
2,1D,1,msdoor,0.023313284,0.003166676,5144923.0,202562.0,10289846.0,0.020146608
2,1D,1,tmt_sym,0.015584469,0.004692078,1452176.0,363244.0,2904352.0,0.010892391000000001
2,1D,2,Hook_1498,0.092087507,0.007271767,15603136.0,744635.0,31206272.0,0.08481574
2,1D,2,msdoor,0.022974491,0.002840996,5144923.0,202562.0,10289846.0,0.020133495
2,1D,2,tmt_sym,0.015390635,0.004283428,1452176.0,363244.0,2904352.0,0.011107207000000001
2,1D,3,Hook_1498,0.092668533,0.007058382,15603136.0,744635.0,31206272.0,0.085610151
2,1D,3,msdoor,0.022857428,0.00271821,5144923.0,202562.0,10289846.0,0.020139218
2,1D,3,tmt_sym,0.015037775,0.004026175,1452176.0,363244.0,2904352.0,0.0110116
2,1D,4,Hook_1498,0.092736959,0.006768465,15603136.0,744635.0,31206272.0,0.08596849399999999
2,1D,4,msdoor,0.022699594,0.002657175,5144923.0,202562.0,10289846.0,0.020042419
2,1D,4,tmt_sym,0.01486659,0.003795385,1452176.0,363244.0,2904352.0,0.011071205
2,1D,5,Hook_1498,0.092133045,0.006628752,15603136.0,744635.0,31206272.0,0.085504293
2,1D,5,msdoor,0.022084475,0.002509356,5144923.0,202562.0,10289846.0,0.019575119
2,1D,5,tmt_sym,0.014439344,0.003544331,1452176.0,363244.0,2904352.0,0.010895013
2,1D,6,Hook_1498,0.092835665,0.006769896,15603136.0,744635.0,31206272.0,0.086065769
2,1D,6,msdoor,0.022638321,0.002406359,5144923.0,202562.0,10289846.0,0.020231962
2,1D,6,tmt_sym,0.016706228,0.003274202,1452176.0,363244.0,2904352.0,0.013432026
2,1D,7,Hook_1498,0.092529297,0.006719828,15603136.0,744635.0,31206272.0,0.085809469
2,1D,7,msdoor,0.022705078,0.002470016,5144923.0,202562.0,10289846.0,0.020235062
2,1D,7,tmt_sym,0.019963026,0.004710674,1452176.0,363244.0,2904352.0,0.015252351999999999
2,1D,8,Hook_1498,0.092164516,0.006717205,15603136.0,744635.0,31206272.0,0.085447311
2,1D,8,msdoor,0.022505522,0.002327442,5144923.0,202562.0,10289846.0,0.02017808
2,1D,8,tmt_sym,0.014397383,0.00347352,1452176.0,363244.0,2904352.0,0.010923862999999999
2,1D,9,Hook_1498,0.092344046,0.00669837,15603136.0,744635.0,31206272.0,0.085645676
2,1D,9,msdoor,0.022358179,0.002205372,5144923.0,202562.0,10289846.0,0.020152807
2,1D,9,tmt_sym,0.014070272,0.003071308,1452176.0,363244.0,2904352.0,0.010998964
2,2D,0,Hook_1498,0.045624495,0.017971754,15771362.0,0.0,31542724.0,0.027652741
2,2D,0,msdoor,0.015726328,0.006619692,5658766.0,0.0,11317532.0,0.009106636000000001
2,2D,0,tmt_sym,0.014476776,0.010179996,1452885.0,0.0,2905770.0,0.00429678
2,2D,1,Hook_1498,0.042274237,0.014696598,15771362.0,0.0,31542724.0,0.027577639
2,2D,1,msdoor,0.014856577,0.005749464,5658766.0,0.0,11317532.0,0.009107113
2,2D,1,tmt_sym,0.013091326,0.00889802,1452885.0,0.0,2905770.0,0.004193306000000001
2,2D,2,Hook_1498,0.04199934,0.014506102,15771362.0,0.0,31542724.0,0.027493238000000003
2,2D,2,msdoor,0.014286518,0.005250692,5658766.0,0.0,11317532.0,0.009035826
2,2D,2,tmt_sym,0.011944532,0.007780552,1452885.0,0.0,2905770.0,0.004163980000000001
2,2D,3,Hook_1498,0.04178977,0.014147043,15771362.0,0.0,31542724.0,0.027642727
2,2D,3,msdoor,0.013860464,0.004869223,5658766.0,0.0,11317532.0,0.008991241
2,2D,3,tmt_sym,0.011133671,0.006947994,1452885.0,0.0,2905770.0,0.004185677
2,2D,4,Hook_1498,0.041665554,0.014034986,15771362.0,0.0,31542724.0,0.027630568
2,2D,4,msdoor,0.013514042,0.004519939,5658766.0,0.0,11317532.0,0.008994103
2,2D,4,tmt_sym,0.010985613,0.006837606,1452885.0,0.0,2905770.0,0.0041480069999999996
2,2D,5,Hook_1498,0.041341066,0.013810396,15771362.0,0.0,31542724.0,0.02753067
2,2D,5,msdoor,0.013368368,0.004326105,5658766.0,0.0,11317532.0,0.009042263
2,2D,5,tmt_sym,0.010898352,0.00674057,1452885.0,0.0,2905770.0,0.004157782
2,2D,6,Hook_1498,0.041804075,0.014137983,15771362.0,0.0,31542724.0,0.027666092000000003
2,2D,6,msdoor,0.013044596,0.004061937,5658766.0,0.0,11317532.0,0.008982659
2,2D,6,tmt_sym,0.010761499,0.006619215,1452885.0,0.0,2905770.0,0.004142284
2,2D,7,Hook_1498,0.041817427,0.014324903,15771362.0,0.0,31542724.0,0.027492523999999997
2,2D,7,msdoor,0.012859583,0.003892422,5658766.0,0.0,11317532.0,0.008967161000000001
2,2D,7,tmt_sym,0.010840654,0.006707191,1452885.0,0.0,2905770.0,0.0041334629999999995
2,2D,8,Hook_1498,0.041876793,0.014386892,15771362.0,0.0,31542724.0,0.027489901000000004
2,2D,8,msdoor,0.012766123,0.003799677,5658766.0,0.0,11317532.0,0.008966446000000001
2,2D,8,tmt_sym,0.018811703,0.008463144,1452885.0,0.0,2905770.0,0.010348558999999998
2,2D,9,Hook_1498,0.042055845,0.01449728,15771362.0,0.0,31542724.0,0.027558565
2,2D,9,msdoor,0.012787819,0.003751755,5658766.0,0.0,11317532.0,0.009036064
2,2D,9,tmt_sym,0.013257265,0.007998228,1452885.0,0.0,2905770.0,0.005259037000000001
2,2D_cyclic,0,Hook_1498,0.05446291,0.020756006,15604795.0,374506.0,31209590.0,0.033706904
2,2D_cyclic,0,msdoor,0.017901182,0.007315636,5177581.0,103966.0,10355162.0,0.010585546000000001
2,2D_cyclic,0,tmt_sym,0.017382383,0.012664795,1451920.0,181678.0,2903840.0,0.004717588000000002
2,2D_cyclic,1,Hook_1498,0.051943779,0.017688513,15604795.0,374506.0,31209590.0,0.034255266000000006
2,2D_cyclic,1,msdoor,0.01685977,0.006337881,5177581.0,103966.0,10355162.0,0.010521889
2,2D_cyclic,1,tmt_sym,0.014874458,0.010073423,1451920.0,181678.0,2903840.0,0.004801035
2,2D_cyclic,2,Hook_1498,0.051950932,0.01769805,15604795.0,374506.0,31209590.0,0.034252882
2,2D_cyclic,2,msdoor,0.016258478,0.005767345,5177581.0,103966.0,10355162.0,0.010491133
2,2D_cyclic,2,tmt_sym,0.0134902,0.008702755,1451920.0,181678.0,2903840.0,0.004787445000000001
2,2D_cyclic,3,Hook_1498,0.051584482,0.017476082,15604795.0,374506.0,31209590.0,0.0341084
2,2D_cyclic,3,msdoor,0.015763521,0.005281925,5177581.0,103966.0,10355162.0,0.010481596
2,2D_cyclic,3,tmt_sym,0.013092518,0.008405924,1451920.0,181678.0,2903840.0,0.004686593999999999
2,2D_cyclic,4,Hook_1498,0.051575899,0.017524481,15604795.0,374506.0,31209590.0,0.034051418
2,2D_cyclic,4,msdoor,0.015419483,0.004934549,5177581.0,103966.0,10355162.0,0.010484934
2,2D_cyclic,4,tmt_sym,0.022200823,0.011287212,1451920.0,181678.0,2903840.0,0.010913611000000002
2,2D_cyclic,5,Hook_1498,0.051729202,0.017536163,15604795.0,374506.0,31209590.0,0.034193039
2,2D_cyclic,5,msdoor,0.015454054,0.004901171,5177581.0,103966.0,10355162.0,0.010552882999999999
2,2D_cyclic,5,tmt_sym,0.014667988,0.00988245,1451920.0,181678.0,2903840.0,0.004785538000000001
2,2D_cyclic,6,Hook_1498,0.051618814,0.017523527,15604795.0,374506.0,31209590.0,0.034095287
2,2D_cyclic,6,msdoor,0.015324831,0.004852057,5177581.0,103966.0,10355162.0,0.010472774
2,2D_cyclic,6,tmt_sym,0.012959003,0.008220196,1451920.0,181678.0,2903840.0,0.004738806999999999
2,2D_cyclic,7,Hook_1498,0.051921606,0.017657042,15604795.0,374506.0,31209590.0,0.034264564
2,2D_cyclic,7,msdoor,0.015322208,0.004796267,5177581.0,103966.0,10355162.0,0.010525941
2,2D_cyclic,7,tmt_sym,0.013015509,0.008349657,1451920.0,181678.0,2903840.0,0.004665852
2,2D_cyclic,8,Hook_1498,0.051667929,0.017458916,15604795.0,374506.0,31209590.0,0.034209012999999996
2,2D_cyclic,8,msdoor,0.015277147,0.004808903,5177581.0,103966.0,10355162.0,0.010468244
2,2D_cyclic,8,tmt_sym,0.013036013,0.008249044,1451920.0,181678.0,2903840.0,0.004786969
2,2D_cyclic,9,Hook_1498,0.051553011,0.017558575,15604795.0,374506.0,31209590.0,0.033994436
2,2D_cyclic,9,msdoor,0.015411139,0.004825354,5177581.0,103966.0,10355162.0,0.010585785
2,2D_cyclic,9,tmt_sym,0.013029575,0.008271217,1451920.0,181678.0,2903840.0,0.004758357999999999
4,1D,0,Hook_1498,0.070883989,0.014909983,7802548.0,1087032.0,15605096.0,0.05597400599999999
4,1D,0,msdoor,0.019021749,0.005984068,2558744.0,295524.0,5117488.0,0.013037681
4,1D,0,tmt_sym,0.011722326,0.006733418,726120.0,363253.0,1452240.0,0.004988908
4,1D,1,Hook_1498,0.068824768,0.012898922,7802548.0,1087032.0,15605096.0,0.055925845999999994
4,1D,1,msdoor,0.017805815,0.004698992,2558744.0,295524.0,5117488.0,0.013106823
4,1D,1,tmt_sym,0.010279179,0.005358934,726120.0,363253.0,1452240.0,0.004920244999999999
4,1D,2,Hook_1498,0.069036722,0.013174772,7802548.0,1087032.0,15605096.0,0.055861949999999994
4,1D,2,msdoor,0.01753521,0.004435301,2558744.0,295524.0,5117488.0,0.013099909
4,1D,2,tmt_sym,0.009987354,0.005100012,726120.0,363253.0,1452240.0,0.004887342
4,1D,3,Hook_1498,0.069074392,0.013076067,7802548.0,1087032.0,15605096.0,0.055998325
4,1D,3,msdoor,0.017328739,0.004224777,2558744.0,295524.0,5117488.0,0.013103962
4,1D,3,tmt_sym,0.010000467,0.005029202,726120.0,363253.0,1452240.0,0.004971265000000001
4,1D,4,Hook_1498,0.068058968,0.012138605,7802548.0,1087032.0,15605096.0,0.055920363
4,1D,4,msdoor,0.01705265,0.003878355,2558744.0,295524.0,5117488.0,0.013174294999999999
4,1D,4,tmt_sym,0.009686232,0.004739523,726120.0,363253.0,1452240.0,0.004946709
4,1D,5,Hook_1498,0.069378853,0.013190031,7802548.0,1087032.0,15605096.0,0.056188822000000006
4,1D,5,msdoor,0.017174482,0.003905058,2558744.0,295524.0,5117488.0,0.013269424000000002
4,1D,5,tmt_sym,0.009852648,0.004926682,726120.0,363253.0,1452240.0,0.004925966
4,1D,6,Hook_1498,0.068663597,0.012733698,7802548.0,1087032.0,15605096.0,0.055929899000000005
4,1D,6,msdoor,0.016683817,0.003635883,2558744.0,295524.0,5117488.0,0.013047934
4,1D,6,tmt_sym,0.009602547,0.004650593,726120.0,363253.0,1452240.0,0.004951954
4,1D,7,Hook_1498,0.067653894,0.011447668,7802548.0,1087032.0,15605096.0,0.056206226000000005
4,1D,7,msdoor,0.016749382,0.003709078,2558744.0,295524.0,5117488.0,0.013040303999999999
4,1D,7,tmt_sym,0.009585619,0.004656315,726120.0,363253.0,1452240.0,0.004929304
4,1D,8,Hook_1498,0.067976236,0.012201309,7802548.0,1087032.0,15605096.0,0.055774926999999995
4,1D,8,msdoor,0.016743183,0.003633499,2558744.0,295524.0,5117488.0,0.013109683999999998
4,1D,8,tmt_sym,0.00948143,0.0045259,726120.0,363253.0,1452240.0,0.0049555300000000005
4,1D,9,Hook_1498,0.069216728,0.013382912,7802548.0,1087032.0,15605096.0,0.05583381600000001
4,1D,9,msdoor,0.016633511,0.00356102,2558744.0,295524.0,5117488.0,0.013072491
4,1D,9,tmt_sym,0.009549618,0.004611015,726120.0,363253.0,1452240.0,0.004938602999999999
4,2D,0,Hook_1498,0.048826933,0.021382809,15524280.0,0.0,31048560.0,0.027444124000000004
4,2D,0,msdoor,0.013288736,0.005714178,4823733.0,0.0,9647466.0,0.007574558
4,2D,0,tmt_sym,0.012263775,0.008301258,1450962.0,0.0,2901924.0,0.003962516999999999
4,2D,1,Hook_1498,0.04095149,0.013476372,15524280.0,0.0,31048560.0,0.027475118
4,2D,1,msdoor,0.011664391,0.004202604,4823733.0,0.0,9647466.0,0.007461786999999999
4,2D,1,tmt_sym,0.01654315,0.006183863,1450962.0,0.0,2901924.0,0.010359286999999998
4,2D,2,Hook_1498,0.041078568,0.01376462,15524280.0,0.0,31048560.0,0.027313948000000005
4,2D,2,msdoor,0.010841131,0.003415346,4823733.0,0.0,9647466.0,0.007425785000000001
4,2D,2,tmt_sym,0.009275436,0.004898071,1450962.0,0.0,2901924.0,0.004377364999999999
4,2D,3,Hook_1498,0.046582222,0.019258499,15524280.0,0.0,31048560.0,0.027323723
4,2D,3,msdoor,0.010439396,0.002975225,4823733.0,0.0,9647466.0,0.007464171
4,2D,3,tmt_sym,0.010738373,0.006804466,1450962.0,0.0,2901924.0,0.003933907
4,2D,4,Hook_1498,0.052406788,0.02478385,15524280.0,0.0,31048560.0,0.027622938000000003
4,2D,4,msdoor,0.010416746,0.00297904,4823733.0,0.0,9647466.0,0.007437705999999999
4,2D,4,tmt_sym,0.010422468,0.006519318,1450962.0,0.0,2901924.0,0.003903150000000001
4,2D,5,Hook_1498,0.042604446,0.015389204,15524280.0,0.0,31048560.0,0.027215241999999997
4,2D,5,msdoor,0.010426521,0.002963305,4823733.0,0.0,9647466.0,0.007463216
4,2D,5,tmt_sym,0.010084391,0.006163836,1450962.0,0.0,2901924.0,0.003920555
4,2D,6,Hook_1498,0.041226864,0.013688326,15524280.0,0.0,31048560.0,0.027538538
4,2D,6,msdoor,0.010263205,0.002803087,4823733.0,0.0,9647466.0,0.007460117999999999
4,2D,6,tmt_sym,0.009818554,0.005900621,1450962.0,0.0,2901924.0,0.003917933
4,2D,7,Hook_1498,0.046963215,0.019616127,15524280.0,0.0,31048560.0,0.027347088000000002
4,2D,7,msdoor,0.010145187,0.002715349,4823733.0,0.0,9647466.0,0.007429837999999999
4,2D,7,tmt_sym,0.009753466,0.005844831,1450962.0,0.0,2901924.0,0.003908635000000001
4,2D,8,Hook_1498,0.049008369,0.021715164,15524280.0,0.0,31048560.0,0.027293205000000004
4,2D,8,msdoor,0.010135889,0.002682209,4823733.0,0.0,9647466.0,0.007453680000000001
4,2D,8,tmt_sym,0.009768009,0.005852461,1450962.0,0.0,2901924.0,0.003915548
4,2D,9,Hook_1498,0.042621851,0.015277147,15524280.0,0.0,31048560.0,0.027344704000000004
4,2D,9,msdoor,0.01010561,0.002651691,4823733.0,0.0,9647466.0,0.007453919
4,2D,9,tmt_sym,0.010196686,0.006283998,1450962.0,0.0,2901924.0,0.003912688
4,2D_cyclic,0,Hook_1498,0.037093163,0.019434929,8006390.0,374506.0,16012780.0,0.017658234
4,2D_cyclic,0,msdoor,0.013882637,0.008183241,2632180.0,103966.0,5264360.0,0.005699395999999999
4,2D_cyclic,0,tmt_sym,0.013864756,0.011223793,726184.0,181678.0,1452368.0,0.0026409630000000014
4,2D_cyclic,1,Hook_1498,0.032231092,0.014619112,8006390.0,374506.0,16012780.0,0.017611980000000003
4,2D_cyclic,1,msdoor,0.012010098,0.00634861,2632180.0,103966.0,5264360.0,0.005661488
4,2D_cyclic,1,tmt_sym,0.01326704,0.010680199,726184.0,181678.0,1452368.0,0.002586841000000001
4,2D_cyclic,2,Hook_1498,0.03188324,0.014166832,8006390.0,374506.0,16012780.0,0.017716408
4,2D_cyclic,2,msdoor,0.011337757,0.005784512,2632180.0,103966.0,5264360.0,0.005553245
4,2D_cyclic,2,tmt_sym,0.012509108,0.009989977,726184.0,181678.0,1452368.0,0.002519130999999999
4,2D_cyclic,3,Hook_1498,0.031141996,0.013501406,8006390.0,374506.0,16012780.0,0.01764059
4,2D_cyclic,3,msdoor,0.01079154,0.005260706,2632180.0,103966.0,5264360.0,0.005530834
4,2D_cyclic,3,tmt_sym,0.01098752,0.00838995,726184.0,181678.0,1452368.0,0.0025975700000000004
4,2D_cyclic,4,Hook_1498,0.032069206,0.014153957,8006390.0,374506.0,16012780.0,0.017915249
4,2D_cyclic,4,msdoor,0.010445118,0.00489521,2632180.0,103966.0,5264360.0,0.005549908
4,2D_cyclic,4,tmt_sym,0.010277987,0.007790327,726184.0,181678.0,1452368.0,0.002487660000000001
4,2D_cyclic,5,Hook_1498,0.030958652,0.013421774,8006390.0,374506.0,16012780.0,0.017536878
4,2D_cyclic,5,msdoor,0.010140419,0.004622459,2632180.0,103966.0,5264360.0,0.00551796
4,2D_cyclic,5,tmt_sym,0.01025486,0.007678986,726184.0,181678.0,1452368.0,0.0025758739999999997
4,2D_cyclic,6,Hook_1498,0.031414032,0.013804197,8006390.0,374506.0,16012780.0,0.017609835
4,2D_cyclic,6,msdoor,0.009843826,0.004295588,2632180.0,103966.0,5264360.0,0.005548238
4,2D_cyclic,6,tmt_sym,0.010065079,0.007542849,726184.0,181678.0,1452368.0,0.0025222299999999994
4,2D_cyclic,7,Hook_1498,0.031383514,0.013796329,8006390.0,374506.0,16012780.0,0.017587185
4,2D_cyclic,7,msdoor,0.009836912,0.004350901,2632180.0,103966.0,5264360.0,0.005486011
4,2D_cyclic,7,tmt_sym,0.010999441,0.008387566,726184.0,181678.0,1452368.0,0.0026118749999999996
4,2D_cyclic,8,Hook_1498,0.031097889,0.013523579,8006390.0,374506.0,16012780.0,0.01757431
4,2D_cyclic,8,msdoor,0.009552956,0.003995895,2632180.0,103966.0,5264360.0,0.005557060999999999
4,2D_cyclic,8,tmt_sym,0.011654139,0.009171009,726184.0,181678.0,1452368.0,0.00248313
4,2D_cyclic,9,Hook_1498,0.031320333,0.013767004,8006390.0,374506.0,16012780.0,0.017553329
4,2D_cyclic,9,msdoor,0.009314775,0.003832817,2632180.0,103966.0,5264360.0,0.005481958
4,2D_cyclic,9,tmt_sym,0.015347719,0.009968758,726184.0,181678.0,1452368.0,0.005378961
8,1D,0,Hook_1498,0.042951822,0.019461393,3898612.0,1139406.0,7797224.0,0.023490429
8,1D,0,msdoor,0.014622688,0.00750041,1281251.0,321469.0,2562502.0,0.007122278
8,1D,0,tmt_sym,0.007944822,0.005560637,362930.0,230881.0,725860.0,0.0023841850000000005
8,1D,1,Hook_1498,0.040138245,0.016528606,3898612.0,1139406.0,7797224.0,0.023609639
8,1D,1,msdoor,0.013034105,0.005881548,1281251.0,321469.0,2562502.0,0.007152557
8,1D,1,tmt_sym,0.00742197,0.005028248,362930.0,230881.0,725860.0,0.002393722
8,1D,2,Hook_1498,0.041072607,0.017658949,3898612.0,1139406.0,7797224.0,0.023413657999999997
8,1D,2,msdoor,0.012985945,0.006149054,1281251.0,321469.0,2562502.0,0.006836891
8,1D,2,tmt_sym,0.007247686,0.004838943,362930.0,230881.0,725860.0,0.0024087429999999996
8,1D,3,Hook_1498,0.040522099,0.017112494,3898612.0,1139406.0,7797224.0,0.023409605
8,1D,3,msdoor,0.012930393,0.005852699,1281251.0,321469.0,2562502.0,0.007077694
8,1D,3,tmt_sym,0.007097006,0.004677296,362930.0,230881.0,725860.0,0.0024197100000000003
8,1D,4,Hook_1498,0.040596485,0.017226934,3898612.0,1139406.0,7797224.0,0.023369551000000002
8,1D,4,msdoor,0.012587309,0.005891562,1281251.0,321469.0,2562502.0,0.006695746999999999
8,1D,4,tmt_sym,0.007295609,0.00487709,362930.0,230881.0,725860.0,0.002418519
8,1D,5,Hook_1498,0.040639877,0.017307997,3898612.0,1139406.0,7797224.0,0.02333188
8,1D,5,msdoor,0.012797117,0.006021976,1281251.0,321469.0,2562502.0,0.006775141
8,1D,5,tmt_sym,0.007130861,0.004724503,362930.0,230881.0,725860.0,0.002406358
8,1D,6,Hook_1498,0.040569544,0.017234802,3898612.0,1139406.0,7797224.0,0.023334742
8,1D,6,msdoor,0.013016462,0.005957365,1281251.0,321469.0,2562502.0,0.007059096999999999
8,1D,6,tmt_sym,0.006889582,0.004510641,362930.0,230881.0,725860.0,0.002378941
8,1D,7,Hook_1498,0.04068327,0.017369509,3898612.0,1139406.0,7797224.0,0.023313761
8,1D,7,msdoor,0.012592316,0.005859852,1281251.0,321469.0,2562502.0,0.006732464
8,1D,7,tmt_sym,0.007248163,0.004853249,362930.0,230881.0,725860.0,0.0023949140000000006
8,1D,8,Hook_1498,0.040032864,0.016737223,3898612.0,1139406.0,7797224.0,0.023295641000000002
8,1D,8,msdoor,0.012695312,0.005921602,1281251.0,321469.0,2562502.0,0.0067737100000000005
8,1D,8,tmt_sym,0.007263422,0.004868746,362930.0,230881.0,725860.0,0.002394676
8,1D,9,Hook_1498,0.040726423,0.017359257,3898612.0,1139406.0,7797224.0,0.023367165999999998
8,1D,9,msdoor,0.013154268,0.006068945,1281251.0,321469.0,2562502.0,0.007085323
8,1D,9,tmt_sym,0.007176161,0.004776478,362930.0,230881.0,725860.0,0.0023996830000000005
8,2D,0,Hook_1498,0.033688545,0.019473076,7915821.0,0.0,15831642.0,0.014215469000000001
8,2D,0,msdoor,0.009108782,0.004527092,2751760.0,0.0,5503520.0,0.004581689999999999
8,2D,0,tmt_sym,0.012851715,0.010666847,726504.0,0.0,1453008.0,0.0021848679999999995
8,2D,1,Hook_1498,0.031642914,0.017405987,7915821.0,0.0,15831642.0,0.014236927
8,2D,1,msdoor,0.008982658,0.00442934,2751760.0,0.0,5503520.0,0.004553317999999999
8,2D,1,tmt_sym,0.012162924,0.01000309,726504.0,0.0,1453008.0,0.002159834000000001
8,2D,2,Hook_1498,0.032839537,0.01873064,7915821.0,0.0,15831642.0,0.014108897000000002
8,2D,2,msdoor,0.008979559,0.004483461,2751760.0,0.0,5503520.0,0.004496098
8,2D,2,tmt_sym,0.011868715,0.009718895,726504.0,0.0,1453008.0,0.00214982
8,2D,3,Hook_1498,0.028282404,0.01413703,7915821.0,0.0,15831642.0,0.014145374
8,2D,3,msdoor,0.008841991,0.00437212,2751760.0,0.0,5503520.0,0.004469871
8,2D,3,tmt_sym,0.011367559,0.009229422,726504.0,0.0,1453008.0,0.002138137
8,2D,4,Hook_1498,0.028465986,0.01426053,7915821.0,0.0,15831642.0,0.014205455999999998
8,2D,4,msdoor,0.008743763,0.004288673,2751760.0,0.0,5503520.0,0.00445509
8,2D,4,tmt_sym,0.010555983,0.00841713,726504.0,0.0,1453008.0,0.0021388529999999996
8,2D,5,Hook_1498,0.02772975,0.013575315,7915821.0,0.0,15831642.0,0.014154435000000002
8,2D,5,msdoor,0.008750677,0.004292488,2751760.0,0.0,5503520.0,0.004458189
8,2D,5,tmt_sym,0.010336399,0.008200169,726504.0,0.0,1453008.0,0.0021362299999999994
8,2D,6,Hook_1498,0.027608156,0.013451099,7915821.0,0.0,15831642.0,0.014157056999999999
8,2D,6,msdoor,0.008725882,0.004232645,2751760.0,0.0,5503520.0,0.004493237000000001
8,2D,6,tmt_sym,0.010038137,0.007899523,726504.0,0.0,1453008.0,0.0021386140000000005
8,2D,7,Hook_1498,0.027629614,0.013507366,7915821.0,0.0,15831642.0,0.014122248
8,2D,7,msdoor,0.008764029,0.004262209,2751760.0,0.0,5503520.0,0.004501819999999999
8,2D,7,tmt_sym,0.009684324,0.007541656,726504.0,0.0,1453008.0,0.0021426679999999995
8,2D,8,Hook_1498,0.027840614,0.013665199,7915821.0,0.0,15831642.0,0.014175415
8,2D,8,msdoor,0.008716106,0.004256964,2751760.0,0.0,5503520.0,0.004459141999999999
8,2D,8,tmt_sym,0.009330511,0.007194996,726504.0,0.0,1453008.0,0.0021355149999999993
8,2D,9,Hook_1498,0.028102398,0.013981581,7915821.0,0.0,15831642.0,0.014120817
8,2D,9,msdoor,0.008709908,0.004219055,2751760.0,0.0,5503520.0,0.004490853
8,2D,9,tmt_sym,0.009555817,0.007409096,726504.0,0.0,1453008.0,0.002146720999999999
8,2D_cyclic,0,Hook_1498,0.041806459,0.029010773,4002797.0,280879.0,8005594.0,0.012795685999999997
8,2D_cyclic,0,msdoor,0.013525486,0.01012063,1323668.0,77974.0,2647336.0,0.0034048559999999995
8,2D_cyclic,0,tmt_sym,0.019682884,0.016973972,363176.0,136259.0,726352.0,0.002708912000000001
8,2D_cyclic,1,Hook_1498,0.041357756,0.028570414,4002797.0,280879.0,8005594.0,0.012787342000000004
8,2D_cyclic,1,msdoor,0.012537241,0.009155989,1323668.0,77974.0,2647336.0,0.0033812519999999995
8,2D_cyclic,1,tmt_sym,0.015912056,0.01394701,363176.0,136259.0,726352.0,0.0019650460000000015
8,2D_cyclic,2,Hook_1498,0.040619135,0.027680159,4002797.0,280879.0,8005594.0,0.012938976000000001
8,2D_cyclic,2,msdoor,0.011943579,0.008599043,1323668.0,77974.0,2647336.0,0.0033445359999999986
8,2D_cyclic,2,tmt_sym,0.014333963,0.012364626,363176.0,136259.0,726352.0,0.001969337
8,2D_cyclic,3,Hook_1498,0.036345005,0.023406506,4002797.0,280879.0,8005594.0,0.012938499
8,2D_cyclic,3,msdoor,0.012260914,0.008910418,1323668.0,77974.0,2647336.0,0.0033504959999999997
8,2D_cyclic,3,tmt_sym,0.013852358,0.011883736,363176.0,136259.0,726352.0,0.0019686219999999997
8,2D_cyclic,4,Hook_1498,0.036009789,0.023270845,4002797.0,280879.0,8005594.0,0.012738944000000002
8,2D_cyclic,4,msdoor,0.012477398,0.009133101,1323668.0,77974.0,2647336.0,0.0033442970000000013
8,2D_cyclic,4,tmt_sym,0.012963295,0.010996819,363176.0,136259.0,726352.0,0.001966476
8,2D_cyclic,5,Hook_1498,0.039103985,0.026335239,4002797.0,280879.0,8005594.0,0.012768746000000001
8,2D_cyclic,5,msdoor,0.011715651,0.008376598,1323668.0,77974.0,2647336.0,0.003339053
8,2D_cyclic,5,tmt_sym,0.012699127,0.010734558,363176.0,136259.0,726352.0,0.0019645689999999993
8,2D_cyclic,6,Hook_1498,0.034838915,0.022069216,4002797.0,280879.0,8005594.0,0.012769698999999999
8,2D_cyclic,6,msdoor,0.011353254,0.008008003,1323668.0,77974.0,2647336.0,0.0033452510000000005
8,2D_cyclic,6,tmt_sym,0.012477636,0.010515928,363176.0,136259.0,726352.0,0.0019617079999999995
8,2D_cyclic,7,Hook_1498,0.035442352,0.022659302,4002797.0,280879.0,8005594.0,0.012783050000000004
8,2D_cyclic,7,msdoor,0.011455774,0.008121729,1323668.0,77974.0,2647336.0,0.0033340450000000008
8,2D_cyclic,7,tmt_sym,0.01211071,0.01014781,363176.0,136259.0,726352.0,0.0019629
8,2D_cyclic,8,Hook_1498,0.035284281,0.022469759,4002797.0,280879.0,8005594.0,0.012814522000000002
8,2D_cyclic,8,msdoor,0.011619568,0.008273602,1323668.0,77974.0,2647336.0,0.0033459660000000006
8,2D_cyclic,8,tmt_sym,0.012004852,0.010035753,363176.0,136259.0,726352.0,0.001969099
8,2D_cyclic,9,Hook_1498,0.034794092,0.022082806,4002797.0,280879.0,8005594.0,0.012711285999999999
8,2D_cyclic,9,msdoor,0.010755539,0.007439375,1323668.0,77974.0,2647336.0,0.003316164
8,2D_cyclic,9,tmt_sym,0.011682749,0.009721994,363176.0,136259.0,726352.0,0.001960755
16,1D,0,Hook_1498,0.044313908,0.034300804,1948584.0,976716.0,3897168.0,0.010013104000000002
16,1D,0,msdoor,0.013195038,0.009713411,640437.0,282439.0,1280874.0,0.0034816269999999993
16,1D,0,tmt_sym,0.005913258,0.004792213,181270.0,126558.0,362540.0,0.0011210450000000002
16,1D,1,Hook_1498,0.041640282,0.031704664,1948584.0,976716.0,3897168.0,0.009935618
16,1D,1,msdoor,0.012268305,0.008846998,640437.0,282439.0,1280874.0,0.003421307
16,1D,1,tmt_sym,0.005530834,0.004426956,181270.0,126558.0,362540.0,0.001103878
16,1D,2,Hook_1498,0.041160583,0.031241179,1948584.0,976716.0,3897168.0,0.009919404
16,1D,2,msdoor,0.012173891,0.008787155,640437.0,282439.0,1280874.0,0.0033867359999999996
16,1D,2,tmt_sym,0.005514383,0.004400253,181270.0,126558.0,362540.0,0.0011141300000000005
16,1D,3,Hook_1498,0.040878773,0.030977964,1948584.0,976716.0,3897168.0,0.009900809
16,1D,3,msdoor,0.012328386,0.008933544,640437.0,282439.0,1280874.0,0.0033948420000000003
16,1D,3,tmt_sym,0.005695105,0.004572868,181270.0,126558.0,362540.0,0.0011222369999999999
16,1D,4,Hook_1498,0.041090012,0.031162024,1948584.0,976716.0,3897168.0,0.009927988000000002
16,1D,4,msdoor,0.012650728,0.00927496,640437.0,282439.0,1280874.0,0.0033757679999999995
16,1D,4,tmt_sym,0.005554676,0.00445652,181270.0,126558.0,362540.0,0.0010981559999999994
16,1D,5,Hook_1498,0.041539431,0.031633139,1948584.0,976716.0,3897168.0,0.009906292000000004
16,1D,5,msdoor,0.012075901,0.00871706,640437.0,282439.0,1280874.0,0.0033588409999999996
16,1D,5,tmt_sym,0.005733967,0.004651785,181270.0,126558.0,362540.0,0.0010821820000000001
16,1D,6,Hook_1498,0.040464401,0.030608892,1948584.0,976716.0,3897168.0,0.009855508999999998
16,1D,6,msdoor,0.012083769,0.008699417,640437.0,282439.0,1280874.0,0.003384352
16,1D,6,tmt_sym,0.005552053,0.00444603,181270.0,126558.0,362540.0,0.0011060230000000002
16,1D,7,Hook_1498,0.041529417,0.031679392,1948584.0,976716.0,3897168.0,0.009850024999999998
16,1D,7,msdoor,0.012147665,0.008786917,640437.0,282439.0,1280874.0,0.003360748
16,1D,7,tmt_sym,0.005529404,0.00444293,181270.0,126558.0,362540.0,0.0010864739999999996
16,1D,8,Hook_1498,0.04143548,0.0315516,1948584.0,976716.0,3897168.0,0.009883879999999998
16,1D,8,msdoor,0.011949062,0.008589268,640437.0,282439.0,1280874.0,0.0033597939999999993
16,1D,8,tmt_sym,0.005731106,0.004644156,181270.0,126558.0,362540.0,0.0010869499999999997
16,1D,9,Hook_1498,0.041312695,0.031410933,1948584.0,976716.0,3897168.0,0.009901762000000001
16,1D,9,msdoor,0.012170792,0.008816481,640437.0,282439.0,1280874.0,0.0033543110000000004
16,1D,9,tmt_sym,0.005696774,0.00461483,181270.0,126558.0,362540.0,0.0010819439999999996
16,2D,0,Hook_1498,0.043125391,0.029687166,7721104.0,0.0,15442208.0,0.013438224999999998
16,2D,0,msdoor,0.009812355,0.005770683,2469148.0,0.0,4938296.0,0.004041672
16,2D,0,tmt_sym,0.010555506,0.008659124,724743.0,0.0,1449486.0,0.0018963819999999985
16,2D,1,Hook_1498,0.032989502,0.01934123,7721104.0,0.0,15442208.0,0.013648271999999996
16,2D,1,msdoor,0.008904696,0.004868269,2469148.0,0.0,4938296.0,0.004036427
16,2D,1,tmt_sym,0.009992123,0.008148432,724743.0,0.0,1449486.0,0.0018436909999999997
16,2D,2,Hook_1498,0.030482531,0.016863585,7721104.0,0.0,15442208.0,0.013618946
16,2D,2,msdoor,0.008451462,0.00445509,2469148.0,0.0,4938296.0,0.003996372
16,2D,2,tmt_sym,0.009141922,0.007316828,724743.0,0.0,1449486.0,0.0018250940000000002
16,2D,3,Hook_1498,0.02804637,0.014623165,7721104.0,0.0,15442208.0,0.013423205
16,2D,3,msdoor,0.008316994,0.004360437,2469148.0,0.0,4938296.0,0.0039565569999999994
16,2D,3,tmt_sym,0.008687973,0.006873846,724743.0,0.0,1449486.0,0.0018141269999999996
16,2D,4,Hook_1498,0.027077913,0.013488293,7721104.0,0.0,15442208.0,0.013589619999999998
16,2D,4,msdoor,0.0083251,0.004342794,2469148.0,0.0,4938296.0,0.0039823060000000006
16,2D,4,tmt_sym,0.008652925,0.006836176,724743.0,0.0,1449486.0,0.0018167490000000003
16,2D,5,Hook_1498,0.028407812,0.014953613,7721104.0,0.0,15442208.0,0.013454199000000002
16,2D,5,msdoor,0.008069754,0.004101276,2469148.0,0.0,4938296.0,0.003968478
16,2D,5,tmt_sym,0.008303165,0.00648737,724743.0,0.0,1449486.0,0.0018157949999999994
16,2D,6,Hook_1498,0.027911186,0.01441431,7721104.0,0.0,15442208.0,0.013496876000000001
16,2D,6,msdoor,0.007969141,0.004009962,2469148.0,0.0,4938296.0,0.003959179000000001
16,2D,6,tmt_sym,0.008225441,0.006411314,724743.0,0.0,1449486.0,0.0018141269999999996
16,2D,7,Hook_1498,0.026464224,0.013307333,7721104.0,0.0,15442208.0,0.013156891000000002
16,2D,7,msdoor,0.008024931,0.004030466,2469148.0,0.0,4938296.0,0.003994465000000001
16,2D,7,tmt_sym,0.008231163,0.006414652,724743.0,0.0,1449486.0,0.0018165109999999998
16,2D,8,Hook_1498,0.026432753,0.013103962,7721104.0,0.0,15442208.0,0.013328791
16,2D,8,msdoor,0.007936001,0.003964186,2469148.0,0.0,4938296.0,0.003971815
16,2D,8,tmt_sym,0.007934093,0.006123304,724743.0,0.0,1449486.0,0.0018107889999999993
16,2D,9,Hook_1498,0.025815487,0.01256156,7721104.0,0.0,15442208.0,0.013253927000000002
16,2D,9,msdoor,0.008300304,0.004326105,2469148.0,0.0,4938296.0,0.0039741989999999994
16,2D,9,tmt_sym,0.008172512,0.006356001,724743.0,0.0,1449486.0,0.0018165109999999998
16,2D_cyclic,0,Hook_1498,0.034127474,0.027447462,2109839.0,280879.0,4219678.0,0.006680011999999999
16,2D_cyclic,0,msdoor,0.009833336,0.007819891,687717.0,77974.0,1375434.0,0.002013444999999999
16,2D_cyclic,0,tmt_sym,0.010719061,0.009520531,272215.0,136259.0,544430.0,0.0011985299999999997
16,2D_cyclic,1,Hook_1498,0.032738209,0.026077032,2109839.0,280879.0,4219678.0,0.006661176999999997
16,2D_cyclic,1,msdoor,0.00899744,0.007024527,687717.0,77974.0,1375434.0,0.0019729130000000006
16,2D_cyclic,1,tmt_sym,0.010097742,0.008903265,272215.0,136259.0,544430.0,0.0011944769999999993
16,2D_cyclic,2,Hook_1498,0.032043934,0.025337458,2109839.0,280879.0,4219678.0,0.006706476000000003
16,2D_cyclic,2,msdoor,0.00878191,0.006836176,687717.0,77974.0,1375434.0,0.0019457340000000002
16,2D_cyclic,2,tmt_sym,0.011374235,0.010183334,272215.0,136259.0,544430.0,0.0011909009999999994
16,2D_cyclic,3,Hook_1498,0.029476881,0.022782564,2109839.0,280879.0,4219678.0,0.006694316999999998
16,2D_cyclic,3,msdoor,0.008883476,0.006948233,687717.0,77974.0,1375434.0,0.0019352429999999997
16,2D_cyclic,3,tmt_sym,0.010679245,0.009488821,272215.0,136259.0,544430.0,0.0011904240000000007
16,2D_cyclic,4,Hook_1498,0.031050444,0.024378777,2109839.0,280879.0,4219678.0,0.006671666999999999
16,2D_cyclic,4,msdoor,0.008273602,0.006351471,687717.0,77974.0,1375434.0,0.0019221309999999997
16,2D_cyclic,4,tmt_sym,0.010764599,0.009580135,272215.0,136259.0,544430.0,0.0011844639999999997
16,2D_cyclic,5,Hook_1498,0.030190229,0.023529291,2109839.0,280879.0,4219678.0,0.006660937999999998
16,2D_cyclic,5,msdoor,0.009260893,0.007334471,687717.0,77974.0,1375434.0,0.0019264219999999988
16,2D_cyclic,5,tmt_sym,0.010993481,0.009806156,272215.0,136259.0,544430.0,0.0011873249999999995
16,2D_cyclic,6,Hook_1498,0.030081034,0.023424864,2109839.0,280879.0,4219678.0,0.0066561699999999994
16,2D_cyclic,6,msdoor,0.008258581,0.006328344,687717.0,77974.0,1375434.0,0.0019302369999999996
16,2D_cyclic,6,tmt_sym,0.010937929,0.009749413,272215.0,136259.0,544430.0,0.0011885160000000006
16,2D_cyclic,7,Hook_1498,0.029899359,0.023247719,2109839.0,280879.0,4219678.0,0.00665164
16,2D_cyclic,7,msdoor,0.007843256,0.005917072,687717.0,77974.0,1375434.0,0.001926184
16,2D_cyclic,7,tmt_sym,0.011329412,0.01013422,272215.0,136259.0,544430.0,0.0011951920000000012
16,2D_cyclic,8,Hook_1498,0.029618502,0.022968292,2109839.0,280879.0,4219678.0,0.00665021
16,2D_cyclic,8,msdoor,0.007457256,0.005526304,687717.0,77974.0,1375434.0,0.0019309519999999997
16,2D_cyclic,8,tmt_sym,0.010905266,0.009713888,272215.0,136259.0,544430.0,0.0011913779999999999
16,2D_cyclic,9,Hook_1498,0.028933287,0.022313356,2109839.0,280879.0,4219678.0,0.006619930999999999
16,2D_cyclic,9,msdoor,0.011280537,0.009353161,687717.0,77974.0,1375434.0,0.0019273759999999997
16,2D_cyclic,9,tmt_sym,0.013614655,0.012418747,272215.0,136259.0,544430.0,0.001195907999999999
32,1D,0,Hook_1498,0.047697783,0.042727232,972745.0,677726.0,1945490.0,0.004970551000000004
32,1D,0,msdoor,0.014758348,0.012784719,320135.0,204959.0,640270.0,0.0019736289999999993
32,1D,0,tmt_sym,0.005375385,0.004765511,90585.0,65697.0,181170.0,0.0006098739999999998
32,1D,1,Hook_1498,0.046149015,0.041269064,972745.0,677726.0,1945490.0,0.004879951
32,1D,1,msdoor,0.013993025,0.012054682,320135.0,204959.0,640270.0,0.0019383429999999986
32,1D,1,tmt_sym,0.005476952,0.00487709,90585.0,65697.0,181170.0,0.0005998620000000005
32,1D,2,Hook_1498,0.04611063,0.041240931,972745.0,677726.0,1945490.0,0.004869698999999998
32,1D,2,msdoor,0.013871193,0.011968613,320135.0,204959.0,640270.0,0.001902580000000001
32,1D,2,tmt_sym,0.005403996,0.004802227,90585.0,65697.0,181170.0,0.0006017690000000003
32,1D,3,Hook_1498,0.04544878,0.040606976,972745.0,677726.0,1945490.0,0.004841803999999998
32,1D,3,msdoor,0.013883591,0.012003183,320135.0,204959.0,640270.0,0.001880408
32,1D,3,tmt_sym,0.005490541,0.004897118,90585.0,65697.0,181170.0,0.000593423
32,1D,4,Hook_1498,0.045776844,0.040966511,972745.0,677726.0,1945490.0,0.004810333
32,1D,4,msdoor,0.013853788,0.011971951,320135.0,204959.0,640270.0,0.0018818370000000008
32,1D,4,tmt_sym,0.005198002,0.004596949,90585.0,65697.0,181170.0,0.0006010529999999998
32,1D,5,Hook_1498,0.045901299,0.041043282,972745.0,677726.0,1945490.0,0.004858016999999999
32,1D,5,msdoor,0.01382947,0.011948109,320135.0,204959.0,640270.0,0.0018813609999999998
32,1D,5,tmt_sym,0.005445242,0.004856586,90585.0,65697.0,181170.0,0.0005886559999999999
32,1D,6,Hook_1498,0.045521736,0.040673971,972745.0,677726.0,1945490.0,0.004847764999999997
32,1D,6,msdoor,0.013821602,0.011948347,320135.0,204959.0,640270.0,0.0018732550000000008
32,1D,6,tmt_sym,0.005286932,0.0046978,90585.0,65697.0,181170.0,0.000589132
32,1D,7,Hook_1498,0.046076775,0.041222811,972745.0,677726.0,1945490.0,0.004853964000000002
32,1D,7,msdoor,0.013888121,0.012017012,320135.0,204959.0,640270.0,0.0018711089999999993
32,1D,7,tmt_sym,0.005301237,0.004695415,90585.0,65697.0,181170.0,0.0006058220000000007
32,1D,8,Hook_1498,0.045743704,0.040882111,972745.0,677726.0,1945490.0,0.004861593000000004
32,1D,8,msdoor,0.013899326,0.012016773,320135.0,204959.0,640270.0,0.0018825530000000004
32,1D,8,tmt_sym,0.005480051,0.004888296,90585.0,65697.0,181170.0,0.0005917549999999994
32,1D,9,Hook_1498,0.044967651,0.040128946,972745.0,677726.0,1945490.0,0.004838704999999999
32,1D,9,msdoor,0.013811827,0.011949539,320135.0,204959.0,640270.0,0.0018622880000000001
32,1D,9,tmt_sym,0.00544405,0.004852057,90585.0,65697.0,181170.0,0.0005919929999999999
32,2D,0,Hook_1498,0.022922754,0.015785694,3937136.0,0.0,7874272.0,0.007137060000000001
32,2D,0,msdoor,0.010232449,0.007987738,1324463.0,0.0,2648926.0,0.002244711
32,2D,0,tmt_sym,0.010124445,0.00900507,363270.0,0.0,726540.0,0.0011193749999999988
32,2D,1,Hook_1498,0.021965504,0.014848471,3937136.0,0.0,7874272.0,0.007117033
32,2D,1,msdoor,0.008671761,0.00645566,1324463.0,0.0,2648926.0,0.002216101
32,2D,1,tmt_sym,0.008542299,0.007437706,363270.0,0.0,726540.0,0.001104593
32,2D,2,Hook_1498,0.022575617,0.015457153,3937136.0,0.0,7874272.0,0.007118464
32,2D,2,msdoor,0.008448362,0.006256819,1324463.0,0.0,2648926.0,0.002191542999999999
32,2D,2,tmt_sym,0.009434462,0.008340597,363270.0,0.0,726540.0,0.0010938649999999994
32,2D,3,Hook_1498,0.021701336,0.014592886,3937136.0,0.0,7874272.0,0.007108450000000002
32,2D,3,msdoor,0.008149147,0.005959749,1324463.0,0.0,2648926.0,0.0021893980000000004
32,2D,3,tmt_sym,0.008255243,0.007166862,363270.0,0.0,726540.0,0.0010883810000000002
32,2D,4,Hook_1498,0.021927595,0.014799118,3937136.0,0.0,7874272.0,0.007128477000000001
32,2D,4,msdoor,0.007766008,0.005605221,1324463.0,0.0,2648926.0,0.002160787
32,2D,4,tmt_sym,0.007992268,0.006901503,363270.0,0.0,726540.0,0.0010907650000000005
32,2D,5,Hook_1498,0.020706415,0.013597965,3937136.0,0.0,7874272.0,0.007108449999999999
32,2D,5,msdoor,0.00794363,0.005800962,1324463.0,0.0,2648926.0,0.0021426680000000004
32,2D,5,tmt_sym,0.008405685,0.007315874,363270.0,0.0,726540.0,0.0010898109999999996
32,2D,6,Hook_1498,0.020570517,0.013448,3937136.0,0.0,7874272.0,0.007122517
32,2D,6,msdoor,0.007717848,0.00556469,1324463.0,0.0,2648926.0,0.0021531580000000005
32,2D,6,tmt_sym,0.008010149,0.006931782,363270.0,0.0,726540.0,0.0010783669999999993
32,2D,7,Hook_1498,0.019037008,0.011917591,3937136.0,0.0,7874272.0,0.007119417000000001
32,2D,7,msdoor,0.007958412,0.005815029,1324463.0,0.0,2648926.0,0.0021433829999999996
32,2D,7,tmt_sym,0.008340836,0.007255077,363270.0,0.0,726540.0,0.0010857590000000004
32,2D,8,Hook_1498,0.019009113,0.011912107,3937136.0,0.0,7874272.0,0.007097006000000001
32,2D,8,msdoor,0.007932425,0.005797386,1324463.0,0.0,2648926.0,0.002135039
32,2D,8,tmt_sym,0.008738756,0.007658243,363270.0,0.0,726540.0,0.001080513
32,2D,9,Hook_1498,0.018811941,0.011702538,3937136.0,0.0,7874272.0,0.0071094029999999985
32,2D,9,msdoor,0.007906914,0.005764961,1324463.0,0.0,2648926.0,0.0021419529999999994
32,2D,9,tmt_sym,0.009199858,0.00812006,363270.0,0.0,726540.0,0.0010797979999999999
32,2D_cyclic,0,Hook_1498,0.032872677,0.027825832,1054601.0,163846.0,2109202.0,0.005046845000000001
32,2D_cyclic,0,msdoor,0.007873297,0.00644207,345634.0,45485.0,691268.0,0.0014312269999999993
32,2D_cyclic,0,tmt_sym,0.013834,0.013052702,136050.0,79485.0,272100.0,0.0007812980000000014
32,2D_cyclic,1,Hook_1498,0.035620213,0.030572414,1054601.0,163846.0,2109202.0,0.005047798999999999
32,2D_cyclic,1,msdoor,0.00840044,0.006970406,345634.0,45485.0,691268.0,0.0014300340000000002
32,2D_cyclic,1,tmt_sym,0.013923407,0.013123035,136050.0,79485.0,272100.0,0.0008003720000000006
32,2D_cyclic,2,Hook_1498,0.032675982,0.027607918,1054601.0,163846.0,2109202.0,0.005068064000000001
32,2D_cyclic,2,msdoor,0.008068562,0.006631136,345634.0,45485.0,691268.0,0.0014374259999999995
32,2D_cyclic,2,tmt_sym,0.01395607,0.013168335,136050.0,79485.0,272100.0,0.0007877349999999995
32,2D_cyclic,3,Hook_1498,0.0335536,0.028512955,1054601.0,163846.0,2109202.0,0.005040645000000003
32,2D_cyclic,3,msdoor,0.008108616,0.00668478,345634.0,45485.0,691268.0,0.0014238360000000004
32,2D_cyclic,3,tmt_sym,0.0134058,0.012619019,136050.0,79485.0,272100.0,0.0007867810000000003
32,2D_cyclic,4,Hook_1498,0.031360865,0.026329517,1054601.0,163846.0,2109202.0,0.0050313480000000015
32,2D_cyclic,4,msdoor,0.008146286,0.006694317,345634.0,45485.0,691268.0,0.0014519690000000009
32,2D_cyclic,4,tmt_sym,0.013706923,0.012926817,136050.0,79485.0,272100.0,0.0007801059999999992
32,2D_cyclic,5,Hook_1498,0.031900406,0.026908159,1054601.0,163846.0,2109202.0,0.004992246999999998
32,2D_cyclic,5,msdoor,0.008155823,0.006696463,345634.0,45485.0,691268.0,0.0014593599999999998
32,2D_cyclic,5,tmt_sym,0.013303995,0.012521505,136050.0,79485.0,272100.0,0.0007824900000000003
32,2D_cyclic,6,Hook_1498,0.031595469,0.026595354,1054601.0,163846.0,2109202.0,0.005000114999999999
32,2D_cyclic,6,msdoor,0.00823307,0.006794453,345634.0,45485.0,691268.0,0.0014386170000000005
32,2D_cyclic,6,tmt_sym,0.013177872,0.012396336,136050.0,79485.0,272100.0,0.0007815359999999993
32,2D_cyclic,7,Hook_1498,0.033023357,0.027997732,1054601.0,163846.0,2109202.0,0.005025625000000002
32,2D_cyclic,7,msdoor,0.008357763,0.006879091,345634.0,45485.0,691268.0,0.0014786720000000003
32,2D_cyclic,7,tmt_sym,0.013162136,0.012371302,136050.0,79485.0,272100.0,0.0007908339999999989
32,2D_cyclic,8,Hook_1498,0.030633688,0.025572062,1054601.0,163846.0,2109202.0,0.005061626
32,2D_cyclic,8,msdoor,0.008308411,0.006869555,345634.0,45485.0,691268.0,0.0014388559999999996
32,2D_cyclic,8,tmt_sym,0.013861656,0.013077497,136050.0,79485.0,272100.0,0.0007841589999999996
32,2D_cyclic,9,Hook_1498,0.031040192,0.025990248,1054601.0,163846.0,2109202.0,0.005049944000000001
32,2D_cyclic,9,msdoor,0.008340597,0.006900072,345634.0,45485.0,691268.0,0.0014405249999999998
32,2D_cyclic,9,tmt_sym,0.013251781,0.012468338,136050.0,79485.0,272100.0,0.000783443
64,1D,0,Hook_1498,0.051704407,0.04742074,485623.0,399766.0,971246.0,0.004283666999999998
64,1D,0,msdoor,0.016008854,0.0149405,159890.0,126168.0,319780.0,0.0010683539999999988
64,1D,0,tmt_sym,0.005315065,0.004748821,45253.0,33413.0,90506.0,0.0005662439999999996
64,1D,1,Hook_1498,0.050590038,0.046284676,485623.0,399766.0,971246.0,0.004305362
64,1D,1,msdoor,0.015985489,0.014911413,159890.0,126168.0,319780.0,0.0010740759999999985
64,1D,1,tmt_sym,0.005002975,0.00465703,45253.0,33413.0,90506.0,0.0003459449999999994
64,1D,2,Hook_1498,0.050842762,0.046608448,485623.0,399766.0,971246.0,0.004234314000000003
64,1D,2,msdoor,0.015683651,0.014658928,159890.0,126168.0,319780.0,0.001024723
64,1D,2,tmt_sym,0.004977942,0.004624128,45253.0,33413.0,90506.0,0.00035381400000000004
64,1D,3,Hook_1498,0.050707579,0.046468019,485623.0,399766.0,971246.0,0.004239560000000003
64,1D,3,msdoor,0.015707254,0.014675856,159890.0,126168.0,319780.0,0.001031398000000001
64,1D,3,tmt_sym,0.004820824,0.004473209,45253.0,33413.0,90506.0,0.0003476149999999999
64,1D,4,Hook_1498,0.050799131,0.046563864,485623.0,399766.0,971246.0,0.004235266999999994
64,1D,4,msdoor,0.015661716,0.014635324,159890.0,126168.0,319780.0,0.0010263919999999992
64,1D,4,tmt_sym,0.004886866,0.004547358,45253.0,33413.0,90506.0,0.0003395080000000005
64,1D,5,Hook_1498,0.050706387,0.046450615,485623.0,399766.0,971246.0,0.004255771999999998
64,1D,5,msdoor,0.016158104,0.015131235,159890.0,126168.0,319780.0,0.0010268689999999997
64,1D,5,tmt_sym,0.004977942,0.004631519,45253.0,33413.0,90506.0,0.0003464230000000002
64,1D,6,Hook_1498,0.050721169,0.046556473,485623.0,399766.0,971246.0,0.0041646960000000025
64,1D,6,msdoor,0.015928745,0.014916182,159890.0,126168.0,319780.0,0.001012563000000001
64,1D,6,tmt_sym,0.00501895,0.004669428,45253.0,33413.0,90506.0,0.00034952200000000055
64,1D,7,Hook_1498,0.05085969,0.046567678,485623.0,399766.0,971246.0,0.004292011999999998
64,1D,7,msdoor,0.015984297,0.014955044,159890.0,126168.0,319780.0,0.0010292530000000008
64,1D,7,tmt_sym,0.004903555,0.004553556,45253.0,33413.0,90506.0,0.00034999900000000014
64,1D,8,Hook_1498,0.0508039,0.046527147,485623.0,399766.0,971246.0,0.004276753000000001
64,1D,8,msdoor,0.01581192,0.014794588,159890.0,126168.0,319780.0,0.001017332000000001
64,1D,8,tmt_sym,0.004820347,0.004475594,45253.0,33413.0,90506.0,0.0003447529999999997
64,1D,9,Hook_1498,0.050832748,0.046456814,485623.0,399766.0,971246.0,0.004375933999999998
64,1D,9,msdoor,0.015724182,0.014718056,159890.0,126168.0,319780.0,0.0010061259999999995
64,1D,9,tmt_sym,0.004860878,0.00450635,45253.0,33413.0,90506.0,0.0003545279999999998
64,2D,0,Hook_1498,0.015521526,0.008852959,3833892.0,0.0,7667784.0,0.006668567
64,2D,0,msdoor,0.005046129,0.003049374,1191716.0,0.0,2383432.0,0.001996755
64,2D,0,tmt_sym,0.008406639,0.007433176,361783.0,0.0,723566.0,0.0009734630000000008
64,2D,1,Hook_1498,0.015454531,0.008800507,3833892.0,0.0,7667784.0,0.006654024
64,2D,1,msdoor,0.00472188,0.002772331,1191716.0,0.0,2383432.0,0.0019495490000000005
64,2D,1,tmt_sym,0.007955313,0.007007837,361783.0,0.0,723566.0,0.000947476
64,2D,2,Hook_1498,0.015904188,0.009244919,3833892.0,0.0,7667784.0,0.006659268999999999
64,2D,2,msdoor,0.004687309,0.002763033,1191716.0,0.0,2383432.0,0.001924276
64,2D,2,tmt_sym,0.008080244,0.007140636,361783.0,0.0,723566.0,0.0009396080000000006
64,2D,3,Hook_1498,0.015640974,0.008980513,3833892.0,0.0,7667784.0,0.006660460999999998
64,2D,3,msdoor,0.004922628,0.002995491,1191716.0,0.0,2383432.0,0.0019271370000000002
64,2D,3,tmt_sym,0.007932186,0.006993055,361783.0,0.0,723566.0,0.000939131000000001
64,2D,4,Hook_1498,0.015164852,0.008532763,3833892.0,0.0,7667784.0,0.006632088999999999
64,2D,4,msdoor,0.004841089,0.00291276,1191716.0,0.0,2383432.0,0.001928329
64,2D,4,tmt_sym,0.00792408,0.00699091,361783.0,0.0,723566.0,0.0009331699999999997
64,2D,5,Hook_1498,0.015737057,0.009073973,3833892.0,0.0,7667784.0,0.006663083999999998
64,2D,5,msdoor,0.004835367,0.002917528,1191716.0,0.0,2383432.0,0.0019178390000000002
64,2D,5,tmt_sym,0.007776976,0.006839752,361783.0,0.0,723566.0,0.0009372239999999995
64,2D,6,Hook_1498,0.014982462,0.008335829,3833892.0,0.0,7667784.0,0.006646633000000001
64,2D,6,msdoor,0.004869938,0.002970695,1191716.0,0.0,2383432.0,0.0018992429999999997
64,2D,6,tmt_sym,0.007532835,0.006594896,361783.0,0.0,723566.0,0.0009379389999999996
64,2D,7,Hook_1498,0.015009403,0.008376598,3833892.0,0.0,7667784.0,0.0066328049999999986
64,2D,7,msdoor,0.00482583,0.002901554,1191716.0,0.0,2383432.0,0.0019242759999999995
64,2D,7,tmt_sym,0.007481575,0.006547213,361783.0,0.0,723566.0,0.0009343620000000002
64,2D,8,Hook_1498,0.014905214,0.008286715,3833892.0,0.0,7667784.0,0.006618499
64,2D,8,msdoor,0.004794598,0.002871275,1191716.0,0.0,2383432.0,0.0019233229999999998
64,2D,8,tmt_sym,0.007474661,0.006539106,361783.0,0.0,723566.0,0.0009355549999999994
64,2D,9,Hook_1498,0.014955521,0.008330822,3833892.0,0.0,7667784.0,0.0066246989999999995
64,2D,9,msdoor,0.004896164,0.002976179,1191716.0,0.0,2383432.0,0.001919985
64,2D,9,tmt_sym,0.007758141,0.006825209,361783.0,0.0,723566.0,0.000932932
64,2D_cyclic,0,Hook_1498,0.039148808,0.036393881,589831.0,163846.0,1179662.0,0.0027549269999999973
64,2D_cyclic,0,msdoor,0.010624409,0.0097332,187620.0,45485.0,375240.0,0.0008912090000000004
64,2D_cyclic,0,tmt_sym,0.012313604,0.011766672,111269.0,79485.0,222538.0,0.000546932
64,2D_cyclic,1,Hook_1498,0.038210154,0.035479307,589831.0,163846.0,1179662.0,0.0027308470000000015
64,2D_cyclic,1,msdoor,0.011003017,0.010134459,187620.0,45485.0,375240.0,0.0008685580000000002
64,2D_cyclic,1,tmt_sym,0.011502266,0.01096344,111269.0,79485.0,222538.0,0.0005388260000000009
64,2D_cyclic,2,Hook_1498,0.037841558,0.035093307,589831.0,163846.0,1179662.0,0.002748251
64,2D_cyclic,2,msdoor,0.01094389,0.010083675,187620.0,45485.0,375240.0,0.0008602149999999992
64,2D_cyclic,2,tmt_sym,0.010585308,0.010048151,111269.0,79485.0,222538.0,0.0005371569999999999
64,2D_cyclic,3,Hook_1498,0.036190748,0.033481121,589831.0,163846.0,1179662.0,0.002709626999999999
64,2D_cyclic,3,msdoor,0.010956764,0.010098696,187620.0,45485.0,375240.0,0.000858068
64,2D_cyclic,3,tmt_sym,0.01228714,0.011744022,111269.0,79485.0,222538.0,0.0005431180000000004
64,2D_cyclic,4,Hook_1498,0.03732872,0.034569979,589831.0,163846.0,1179662.0,0.002758741000000002
64,2D_cyclic,4,msdoor,0.010821819,0.009977818,187620.0,45485.0,375240.0,0.0008440010000000005
64,2D_cyclic,4,tmt_sym,0.01284194,0.01228857,111269.0,79485.0,222538.0,0.0005533699999999992
64,2D_cyclic,5,Hook_1498,0.036382437,0.033628702,589831.0,163846.0,1179662.0,0.0027537349999999933
64,2D_cyclic,5,msdoor,0.010982275,0.010129452,187620.0,45485.0,375240.0,0.0008528229999999991
64,2D_cyclic,5,tmt_sym,0.012724876,0.012172461,111269.0,79485.0,222538.0,0.0005524149999999988
64,2D_cyclic,6,Hook_1498,0.036797285,0.034091949,589831.0,163846.0,1179662.0,0.0027053359999999957
64,2D_cyclic,6,msdoor,0.010737419,0.009893894,187620.0,45485.0,375240.0,0.0008435249999999995
64,2D_cyclic,6,tmt_sym,0.012156487,0.011596918,111269.0,79485.0,222538.0,0.0005595690000000011
64,2D_cyclic,7,Hook_1498,0.036451817,0.033703566,589831.0,163846.0,1179662.0,0.002748251
64,2D_cyclic,7,msdoor,0.010502577,0.009661913,187620.0,45485.0,375240.0,0.0008406640000000014
64,2D_cyclic,7,tmt_sym,0.011723757,0.011165619,111269.0,79485.0,222538.0,0.0005581379999999997
64,2D_cyclic,8,Hook_1498,0.036468029,0.033760786,589831.0,163846.0,1179662.0,0.002707242999999998
64,2D_cyclic,8,msdoor,0.010255814,0.009409189,187620.0,45485.0,375240.0,0.0008466250000000002
64,2D_cyclic,8,tmt_sym,0.012468815,0.011916399,111269.0,79485.0,222538.0,0.000552416
64,2D_cyclic,9,Hook_1498,0.036889791,0.034183979,589831.0,163846.0,1179662.0,0.002705811999999995
64,2D_cyclic,9,msdoor,0.011230469,0.01039052,187620.0,45485.0,375240.0,0.0008399489999999996
64,2D_cyclic,9,tmt_sym,0.012639761,0.012087822,111269.0,79485.0,222538.0,0.0005519389999999996
128,1D,0,Hook_1498,0.05373168,0.050933361,242533.0,216047.0,485066.0,0.0027983189999999936
128,1D,0,msdoor,0.016094685,0.015421391,79377.0,69694.0,158754.0,0.0006732940000000014
128,1D,0,tmt_sym,0.005931854,0.005516529,22609.0,16797.0,45218.0,0.00041532500000000024
128,1D,1,Hook_1498,0.052429438,0.049634933,242533.0,216047.0,485066.0,0.0027945050000000027
128,1D,1,msdoor,0.014711142,0.01409626,79377.0,69694.0,158754.0,0.0006148820000000006
128,1D,1,tmt_sym,0.00587225,0.005521774,22609.0,16797.0,45218.0,0.00035047599999999974
128,1D,2,Hook_1498,0.051265001,0.048530579,242533.0,216047.0,485066.0,0.0027344220000000002
128,1D,2,msdoor,0.017131329,0.016428947,79377.0,69694.0,158754.0,0.0007023820000000014
128,1D,2,tmt_sym,0.005969524,0.005564928,22609.0,16797.0,45218.0,0.0004045960000000001
128,1D,3,Hook_1498,0.052028179,0.049240828,242533.0,216047.0,485066.0,0.0027873510000000004
128,1D,3,msdoor,0.017311573,0.016598225,79377.0,69694.0,158754.0,0.0007133479999999991
128,1D,3,tmt_sym,0.006026506,0.005669117,22609.0,16797.0,45218.0,0.0003573889999999996
128,1D,4,Hook_1498,0.051435709,0.048705578,242533.0,216047.0,485066.0,0.0027301310000000037
128,1D,4,msdoor,0.01732111,0.01661849,79377.0,69694.0,158754.0,0.000702620000000001
128,1D,4,tmt_sym,0.005936384,0.005537033,22609.0,16797.0,45218.0,0.00039935100000000005
128,1D,5,Hook_1498,0.052217245,0.049402952,242533.0,216047.0,485066.0,0.0028142930000000024
128,1D,5,msdoor,0.017288923,0.016571283,79377.0,69694.0,158754.0,0.000717640000000002
128,1D,5,tmt_sym,0.006034374,0.00567174,22609.0,16797.0,45218.0,0.00036263400000000057
128,1D,6,Hook_1498,0.051300526,0.04856348,242533.0,216047.0,485066.0,0.002737046
128,1D,6,msdoor,0.017150402,0.016450644,79377.0,69694.0,158754.0,0.0006997579999999982
128,1D,6,tmt_sym,0.00596714,0.005634069,22609.0,16797.0,45218.0,0.0003330709999999999
128,1D,7,Hook_1498,0.051948309,0.049157619,242533.0,216047.0,485066.0,0.0027906899999999984
128,1D,7,msdoor,0.01720047,0.016483307,79377.0,69694.0,158754.0,0.0007171629999999998
128,1D,7,tmt_sym,0.005975485,0.005633354,22609.0,16797.0,45218.0,0.00034213099999999986
128,1D,8,Hook_1498,0.0525527,0.049757242,242533.0,216047.0,485066.0,0.0027954580000000007
128,1D,8,msdoor,0.017365932,0.016644001,79377.0,69694.0,158754.0,0.000721931000000002
128,1D,8,tmt_sym,0.005955935,0.005585194,22609.0,16797.0,45218.0,0.00037074099999999995
128,1D,9,Hook_1498,0.052293062,0.049484968,242533.0,216047.0,485066.0,0.002808094000000004
128,1D,9,msdoor,0.017295361,0.016576767,79377.0,69694.0,158754.0,0.0007185939999999995
128,1D,9,tmt_sym,0.00592494,0.005543947,22609.0,16797.0,45218.0,0.0003809930000000005
128,2D,0,Hook_1498,0.011262655,0.007250071,1954287.0,0.0,3908574.0,0.004012584
128,2D,0,msdoor,0.004635334,0.003526449,624351.0,0.0,1248702.0,0.0011088849999999996
128,2D,0,tmt_sym,0.007818937,0.007217884,181626.0,0.0,363252.0,0.0006010529999999998
128,2D,1,Hook_1498,0.009347439,0.005326509,1954287.0,0.0,3908574.0,0.004020930000000001
128,2D,1,msdoor,0.004301071,0.003197193,624351.0,0.0,1248702.0,0.001103878
128,2D,1,tmt_sym,0.0071311,0.006539583,181626.0,0.0,363252.0,0.0005915169999999997
128,2D,2,Hook_1498,0.009148121,0.005140543,1954287.0,0.0,3908574.0,0.004007578
128,2D,2,msdoor,0.004384995,0.003250837,624351.0,0.0,1248702.0,0.0011341580000000001
128,2D,2,tmt_sym,0.007214308,0.006623983,181626.0,0.0,363252.0,0.000590325
128,2D,3,Hook_1498,0.009301901,0.005280972,1954287.0,0.0,3908574.0,0.0040209289999999995
128,2D,3,msdoor,0.004276991,0.003176689,624351.0,0.0,1248702.0,0.001100302
128,2D,3,tmt_sym,0.019201517,0.018594265,181626.0,0.0,363252.0,0.0006072520000000026
128,2D,4,Hook_1498,0.009290695,0.005273104,1954287.0,0.0,3908574.0,0.004017591
128,2D,4,msdoor,0.004552841,0.003450871,624351.0,0.0,1248702.0,0.0011019700000000003
128,2D,4,tmt_sym,0.011517286,0.010892391,181626.0,0.0,363252.0,0.0006248950000000003
128,2D,5,Hook_1498,0.010795355,0.006774902,1954287.0,0.0,3908574.0,0.004020452999999999
128,2D,5,msdoor,0.004507303,0.003417253,624351.0,0.0,1248702.0,0.00109005
128,2D,5,tmt_sym,0.012738705,0.012154818,181626.0,0.0,363252.0,0.000583887
128,2D,6,Hook_1498,0.010276318,0.006277323,1954287.0,0.0,3908574.0,0.003998995
128,2D,6,msdoor,0.004687786,0.003596067,624351.0,0.0,1248702.0,0.0010917190000000001
128,2D,6,tmt_sym,0.012730122,0.012144804,181626.0,0.0,363252.0,0.0005853179999999996
128,2D,7,Hook_1498,0.010314941,0.006324291,1954287.0,0.0,3908574.0,0.003990649999999999
128,2D,7,msdoor,0.0047369,0.003621101,624351.0,0.0,1248702.0,0.0011157989999999998
128,2D,7,tmt_sym,0.012721777,0.012125731,181626.0,0.0,363252.0,0.0005960459999999994
128,2D,8,Hook_1498,0.009629488,0.005604267,1954287.0,0.0,3908574.0,0.004025221000000001
128,2D,8,msdoor,0.005233049,0.004114628,624351.0,0.0,1248702.0,0.0011184209999999997
128,2D,8,tmt_sym,0.012582302,0.011979818,181626.0,0.0,363252.0,0.0006024840000000004
128,2D,9,Hook_1498,0.009593487,0.005601883,1954287.0,0.0,3908574.0,0.003991603999999999
128,2D,9,msdoor,0.004508018,0.003377914,624351.0,0.0,1248702.0,0.0011301039999999998
128,2D,9,tmt_sym,0.038898706,0.038274527,181626.0,0.0,363252.0,0.0006241789999999955
128,2D_cyclic,0,Hook_1498,0.03186202,0.029507875,294786.0,87775.0,589572.0,0.0023541449999999985
128,2D_cyclic,0,msdoor,0.008992672,0.008320808,92851.0,24367.0,185702.0,0.0006718639999999994
128,2D_cyclic,0,tmt_sym,0.012646914,0.011918306,55638.0,42581.0,111276.0,0.0007286080000000004
128,2D_cyclic,1,Hook_1498,0.032935619,0.030578136,294786.0,87775.0,589572.0,0.0023574830000000005
128,2D_cyclic,1,msdoor,0.009313583,0.008664608,92851.0,24367.0,185702.0,0.0006489749999999996
128,2D_cyclic,1,tmt_sym,0.012617588,0.011939764,55638.0,42581.0,111276.0,0.0006778240000000005
128,2D_cyclic,2,Hook_1498,0.035048723,0.032739162,294786.0,87775.0,589572.0,0.0023095609999999947
128,2D_cyclic,2,msdoor,0.008980036,0.008313179,92851.0,24367.0,185702.0,0.0006668569999999999
128,2D_cyclic,2,tmt_sym,0.011531115,0.010883808,55638.0,42581.0,111276.0,0.0006473069999999997
128,2D_cyclic,3,Hook_1498,0.033935547,0.031573772,294786.0,87775.0,589572.0,0.0023617750000000035
128,2D_cyclic,3,msdoor,0.009180546,0.008527517,92851.0,24367.0,185702.0,0.0006530289999999994
128,2D_cyclic,3,tmt_sym,0.012778759,0.01207304,55638.0,42581.0,111276.0,0.0007057190000000005
128,2D_cyclic,4,Hook_1498,0.034642458,0.032281399,294786.0,87775.0,589572.0,0.0023610589999999987
128,2D_cyclic,4,msdoor,0.009210348,0.008559227,92851.0,24367.0,185702.0,0.0006511209999999993
128,2D_cyclic,4,tmt_sym,0.013087988,0.012456656,55638.0,42581.0,111276.0,0.0006313320000000001
128,2D_cyclic,5,Hook_1498,0.035173655,0.032855272,294786.0,87775.0,589572.0,0.0023183830000000002
128,2D_cyclic,5,msdoor,0.011122227,0.01047349,92851.0,24367.0,185702.0,0.0006487369999999999
128,2D_cyclic,5,tmt_sym,0.012869596,0.01215601,55638.0,42581.0,111276.0,0.0007135860000000004
128,2D_cyclic,6,Hook_1498,0.03649044,0.03415513,294786.0,87775.0,589572.0,0.00233531
128,2D_cyclic,6,msdoor,0.010323048,0.009675264,92851.0,24367.0,185702.0,0.0006477840000000002
128,2D_cyclic,6,tmt_sym,0.012876987,0.01226449,55638.0,42581.0,111276.0,0.000612497
128,2D_cyclic,7,Hook_1498,0.038613319,0.036266327,294786.0,87775.0,589572.0,0.002346991999999999
128,2D_cyclic,7,msdoor,0.009066105,0.008418322,92851.0,24367.0,185702.0,0.000647782999999999
128,2D_cyclic,7,tmt_sym,0.013397932,0.012690783,55638.0,42581.0,111276.0,0.0007071489999999989
128,2D_cyclic,8,Hook_1498,0.042179585,0.039771557,294786.0,87775.0,589572.0,0.0024080279999999996
128,2D_cyclic,8,msdoor,0.010460615,0.00981617,92851.0,24367.0,185702.0,0.0006444449999999987
128,2D_cyclic,8,tmt_sym,0.013114929,0.012433052,55638.0,42581.0,111276.0,0.0006818770000000009
128,2D_cyclic,9,Hook_1498,0.038864136,0.036442757,294786.0,87775.0,589572.0,0.0024213790000000013
128,2D_cyclic,9,msdoor,0.01049304,0.009844303,92851.0,24367.0,185702.0,0.0006487369999999999
128,2D_cyclic,9,tmt_sym,0.012172222,0.011508703,55638.0,42581.0,111276.0,0.0006635189999999996
