rank,num_procs,run,elapsed_time,comm_time,local_nz,ghost_entries,local_flops,matrix
0,1,0,0.000005135,0.000000086,2596,0,5192,1138_bus
0,1,1,0.000003574,0.000000043,2596,0,5192,1138_bus
0,1,2,0.000003333,0.000000044,2596,0,5192,1138_bus
0,1,3,0.000003167,0.000000031,2596,0,5192,1138_bus
0,1,4,0.000003202,0.000000032,2596,0,5192,1138_bus
0,1,5,0.000003127,0.000000032,2596,0,5192,1138_bus
0,1,6,0.000003131,0.000000032,2596,0,5192,1138_bus
0,1,7,0.000003121,0.000000032,2596,0,5192,1138_bus
0,1,8,0.000003133,0.000000032,2596,0,5192,1138_bus
0,1,9,0.000003128,0.000000032,2596,0,5192,1138_bus
0,2,0,0.000006176,0.000001355,1333,300,2666,1138_bus
0,2,1,0.000010038,0.000007633,1333,300,2666,1138_bus
0,2,2,0.000006839,0.000005051,1333,300,2666,1138_bus
0,2,3,0.000003496,0.000001767,1333,300,2666,1138_bus
0,2,4,0.000002513,0.000000796,1333,300,2666,1138_bus
0,2,5,0.000002488,0.000000799,1333,300,2666,1138_bus
0,2,6,0.000002440,0.000000803,1333,300,2666,1138_bus
0,2,7,0.000002368,0.000000755,1333,300,2666,1138_bus
0,2,8,0.000002394,0.000000774,1333,300,2666,1138_bus
0,2,9,0.000002399,0.000000783,1333,300,2666,1138_bus
1,2,0,0.000006245,0.000001391,1263,278,2526,1138_bus
1,2,1,0.000009864,0.000007534,1263,278,2526,1138_bus
1,2,2,0.000002745,0.000000999,1263,278,2526,1138_bus
1,2,3,0.000003236,0.000001602,1263,278,2526,1138_bus
1,2,4,0.000002353,0.000000789,1263,278,2526,1138_bus
1,2,5,0.000002283,0.000000750,1263,278,2526,1138_bus
1,2,6,0.000002280,0.000000749,1263,278,2526,1138_bus
1,2,7,0.000002259,0.000000729,1263,278,2526,1138_bus
1,2,8,0.000002279,0.000000736,1263,278,2526,1138_bus
1,2,9,0.000002306,0.000000768,1263,278,2526,1138_bus
0,4,0,0.000004158,0.000001513,665,247,1330,1138_bus
0,4,1,0.000006687,0.000005141,665,247,1330,1138_bus
0,4,2,0.000002464,0.000001194,665,247,1330,1138_bus
0,4,3,0.000004923,0.000003875,665,247,1330,1138_bus
0,4,4,0.000001889,0.000001019,665,247,1330,1138_bus
0,4,5,0.000001982,0.000001086,665,247,1330,1138_bus
0,4,6,0.000002007,0.000001179,665,247,1330,1138_bus
0,4,7,0.000001883,0.000001052,665,247,1330,1138_bus
0,4,8,0.000001954,0.000001100,665,247,1330,1138_bus
0,4,9,0.000026938,0.000026060,665,247,1330,1138_bus
2,4,0,0.000003830,0.000001299,668,260,1336,1138_bus
2,4,1,0.000007081,0.000005604,668,260,1336,1138_bus
2,4,2,0.000002282,0.000001308,668,260,1336,1138_bus
2,4,3,0.000004834,0.000003936,668,260,1336,1138_bus
2,4,4,0.000002179,0.000001302,668,260,1336,1138_bus
2,4,5,0.000002279,0.000001352,668,260,1336,1138_bus
2,4,6,0.000002292,0.000001422,668,260,1336,1138_bus
2,4,7,0.000002086,0.000001227,668,260,1336,1138_bus
2,4,8,0.000002128,0.000001236,668,260,1336,1138_bus
2,4,9,0.000027148,0.000026259,668,260,1336,1138_bus
3,4,0,0.000003803,0.000001287,609,226,1218,1138_bus
3,4,1,0.000006818,0.000004995,609,226,1218,1138_bus
3,4,2,0.000002447,0.000001401,609,226,1218,1138_bus
3,4,3,0.000004372,0.000003532,609,226,1218,1138_bus
3,4,4,0.000002145,0.000001350,609,226,1218,1138_bus
3,4,5,0.000002235,0.000001419,609,226,1218,1138_bus
3,4,6,0.000002190,0.000001420,609,226,1218,1138_bus
3,4,7,0.000002029,0.000001262,609,226,1218,1138_bus
3,4,8,0.000002031,0.000001220,609,226,1218,1138_bus
3,4,9,0.000027395,0.000026582,609,226,1218,1138_bus
1,4,0,0.000004294,0.000001375,654,250,1308,1138_bus
1,4,1,0.000006404,0.000004787,654,250,1308,1138_bus
1,4,2,0.000002502,0.000001286,654,250,1308,1138_bus
1,4,3,0.000004063,0.000003096,654,250,1308,1138_bus
1,4,4,0.000002152,0.000001287,654,250,1308,1138_bus
1,4,5,0.000002143,0.000001265,654,250,1308,1138_bus
1,4,6,0.000002206,0.000001365,654,250,1308,1138_bus
1,4,7,0.000002025,0.000001205,654,250,1308,1138_bus
1,4,8,0.000002026,0.000001141,654,250,1308,1138_bus
1,4,9,0.000027448,0.000026514,654,250,1308,1138_bus
4,8,0,0.001005053,0.001003306,343,161,686,1138_bus
4,8,1,0.000964463,0.000961757,343,161,686,1138_bus
4,8,2,0.002083317,0.002081941,343,161,686,1138_bus
4,8,3,0.000017770,0.000016859,343,161,686,1138_bus
4,8,4,0.000016835,0.000016134,343,161,686,1138_bus
4,8,5,0.000003766,0.000003168,343,161,686,1138_bus
4,8,6,0.000003418,0.000002841,343,161,686,1138_bus
4,8,7,0.000002808,0.000002298,343,161,686,1138_bus
4,8,8,0.000002781,0.000002242,343,161,686,1138_bus
4,8,9,0.000004079,0.000003560,343,161,686,1138_bus
5,8,0,0.001097785,0.001094998,329,159,658,1138_bus
5,8,1,0.000959831,0.000958241,329,159,658,1138_bus
5,8,2,0.001097637,0.001096817,329,159,658,1138_bus
5,8,3,0.000013589,0.000012933,329,159,658,1138_bus
5,8,4,0.000016971,0.000016421,329,159,658,1138_bus
5,8,5,0.000003157,0.000002692,329,159,658,1138_bus
5,8,6,0.000003398,0.000002916,329,159,658,1138_bus
5,8,7,0.000002909,0.000002471,329,159,658,1138_bus
5,8,8,0.000002687,0.000002258,329,159,658,1138_bus
5,8,9,0.000003519,0.000003088,329,159,658,1138_bus
7,8,0,0.000098478,0.000096058,292,131,584,1138_bus
7,8,1,0.000960115,0.000959000,292,131,584,1138_bus
7,8,2,0.001099724,0.001097945,292,131,584,1138_bus
7,8,3,0.000008955,0.000008109,292,131,584,1138_bus
7,8,4,0.000017229,0.000016670,292,131,584,1138_bus
7,8,5,0.000003484,0.000003023,292,131,584,1138_bus
7,8,6,0.000002593,0.000002178,292,131,584,1138_bus
7,8,7,0.000002565,0.000002175,292,131,584,1138_bus
7,8,8,0.000002602,0.000002204,292,131,584,1138_bus
7,8,9,0.000003899,0.000003509,292,131,584,1138_bus
0,8,0,0.002468229,0.002465599,322,139,644,1138_bus
0,8,1,0.001344458,0.001341982,322,139,644,1138_bus
0,8,2,0.002082732,0.002081426,322,139,644,1138_bus
0,8,3,0.000017244,0.000016493,322,139,644,1138_bus
0,8,4,0.000003870,0.000003011,322,139,644,1138_bus
0,8,5,0.000002852,0.000002238,322,139,644,1138_bus
0,8,6,0.000003041,0.000002452,322,139,644,1138_bus
0,8,7,0.000003118,0.000002593,322,139,644,1138_bus
0,8,8,0.000002679,0.000002220,322,139,644,1138_bus
0,8,9,0.000005824,0.000005378,322,139,644,1138_bus
1,8,0,0.000095653,0.000094385,325,152,650,1138_bus
1,8,1,0.000964245,0.000961726,325,152,650,1138_bus
1,8,2,0.001098078,0.001096856,325,152,650,1138_bus
1,8,3,0.000012290,0.000011284,325,152,650,1138_bus
1,8,4,0.000016667,0.000015964,325,152,650,1138_bus
1,8,5,0.000003600,0.000002975,325,152,650,1138_bus
1,8,6,0.000002750,0.000002251,325,152,650,1138_bus
1,8,7,0.000002832,0.000002366,325,152,650,1138_bus
1,8,8,0.000002918,0.000002474,325,152,650,1138_bus
1,8,9,0.000003409,0.000002922,325,152,650,1138_bus
6,8,0,0.001006089,0.001003396,330,160,660,1138_bus
6,8,1,0.000382301,0.000380672,330,160,660,1138_bus
6,8,2,0.003181048,0.003177696,330,160,660,1138_bus
6,8,3,0.000013181,0.000010387,330,160,660,1138_bus
2,8,0,0.001005631,0.001004108,338,162,676,1138_bus
2,8,1,0.000961294,0.000960483,338,162,676,1138_bus
2,8,2,0.002082388,0.002081815,338,162,676,1138_bus
2,8,3,0.000012203,0.000011679,338,162,676,1138_bus
2,8,4,0.000016659,0.000016199,338,162,676,1138_bus
2,8,5,0.000003558,0.000003095,338,162,676,1138_bus
2,8,6,0.000003502,0.000003065,338,162,676,1138_bus
2,8,7,0.000002800,0.000002362,338,162,676,1138_bus
2,8,8,0.000002603,0.000002164,338,162,676,1138_bus
2,8,9,0.000003415,0.000002970,338,162,676,1138_bus
3,8,0,0.000096900,0.000094409,317,142,634,1138_bus
3,8,1,0.000962053,0.000960216,317,142,634,1138_bus
3,8,2,0.001099325,0.001097927,317,142,634,1138_bus
3,8,3,0.000011000,0.000009794,317,142,634,1138_bus
3,8,4,0.000018011,0.000016855,317,142,634,1138_bus
3,8,5,0.000004666,0.000003654,317,142,634,1138_bus
3,8,6,0.000004200,0.000003249,317,142,634,1138_bus
3,8,7,0.000004023,0.000003104,317,142,634,1138_bus
3,8,8,0.000003802,0.000002914,317,142,634,1138_bus
3,8,9,0.000006977,0.000005990,317,142,634,1138_bus
6,8,4,0.000018722,0.000016922,330,160,660,1138_bus
6,8,5,0.000004712,0.000003529,330,160,660,1138_bus
6,8,6,0.000004162,0.000003138,330,160,660,1138_bus
6,8,7,0.000004191,0.000003294,330,160,660,1138_bus
6,8,8,0.000003717,0.000002859,330,160,660,1138_bus
6,8,9,0.000005558,0.000004709,330,160,660,1138_bus
0,1,0,0.000322890,0.000000368,175693,0,351386,cond-mat-2005
0,1,1,0.000318241,0.000000112,175693,0,351386,cond-mat-2005
0,1,2,0.000319222,0.000000112,175693,0,351386,cond-mat-2005
0,1,3,0.000346790,0.000000112,175693,0,351386,cond-mat-2005
0,1,4,0.000317866,0.000000283,175693,0,351386,cond-mat-2005
0,1,5,0.000316440,0.000000080,175693,0,351386,cond-mat-2005
0,1,6,0.000316055,0.000000077,175693,0,351386,cond-mat-2005
0,1,7,0.000340042,0.000000069,175693,0,351386,cond-mat-2005
0,1,8,0.000347295,0.000000391,175693,0,351386,cond-mat-2005
0,1,9,0.000386872,0.000000241,175693,0,351386,cond-mat-2005
1,2,0,0.000597959,0.000035640,87430,12330,174860,cond-mat-2005
1,2,1,0.000583976,0.000024686,87430,12330,174860,cond-mat-2005
1,2,2,0.000545975,0.000016330,87430,12330,174860,cond-mat-2005
1,2,3,0.000531782,0.000011864,87430,12330,174860,cond-mat-2005
1,2,4,0.000537319,0.000013713,87430,12330,174860,cond-mat-2005
1,2,5,0.000536959,0.000023383,87430,12330,174860,cond-mat-2005
1,2,6,0.000525470,0.000011974,87430,12330,174860,cond-mat-2005
1,2,7,0.000535670,0.000011834,87430,12330,174860,cond-mat-2005
1,2,8,0.000555390,0.000011475,87430,12330,174860,cond-mat-2005
1,2,9,0.000530024,0.000014000,87430,12330,174860,cond-mat-2005
0,2,0,0.000604643,0.000034747,88263,12310,176526,cond-mat-2005
0,2,1,0.000597684,0.000026668,88263,12310,176526,cond-mat-2005
0,2,2,0.000568999,0.000016506,88263,12310,176526,cond-mat-2005
0,2,3,0.000560255,0.000011878,88263,12310,176526,cond-mat-2005
0,2,4,0.000664232,0.000013612,88263,12310,176526,cond-mat-2005
0,2,5,0.000563582,0.000022731,88263,12310,176526,cond-mat-2005
0,2,6,0.000530791,0.000011939,88263,12310,176526,cond-mat-2005
0,2,7,0.000559412,0.000011727,88263,12310,176526,cond-mat-2005
0,2,8,0.000586019,0.000011637,88263,12310,176526,cond-mat-2005
0,2,9,0.000594372,0.000013816,88263,12310,176526,cond-mat-2005
1,4,0,0.000223548,0.000033470,44044,13219,88088,cond-mat-2005
1,4,1,0.000232474,0.000046059,44044,13219,88088,cond-mat-2005
1,4,2,0.000208254,0.000022859,44044,13219,88088,cond-mat-2005
1,4,3,0.000201435,0.000016971,44044,13219,88088,cond-mat-2005
1,4,4,0.000218221,0.000023414,44044,13219,88088,cond-mat-2005
1,4,5,0.000202023,0.000017724,44044,13219,88088,cond-mat-2005
1,4,6,0.000202725,0.000017990,44044,13219,88088,cond-mat-2005
1,4,7,0.000201642,0.000016985,44044,13219,88088,cond-mat-2005
1,4,8,0.000202255,0.000018924,44044,13219,88088,cond-mat-2005
1,4,9,0.000202282,0.000015394,44044,13219,88088,cond-mat-2005
2,4,0,0.000252296,0.000032822,43918,13177,87836,cond-mat-2005
2,4,1,0.000225862,0.000043735,43918,13177,87836,cond-mat-2005
2,4,2,0.000204348,0.000023566,43918,13177,87836,cond-mat-2005
2,4,3,0.000197032,0.000016491,43918,13177,87836,cond-mat-2005
2,4,4,0.000201039,0.000021445,43918,13177,87836,cond-mat-2005
2,4,5,0.000205770,0.000015998,43918,13177,87836,cond-mat-2005
2,4,6,0.000200064,0.000020589,43918,13177,87836,cond-mat-2005
2,4,7,0.000195489,0.000017068,43918,13177,87836,cond-mat-2005
2,4,8,0.000197439,0.000018784,43918,13177,87836,cond-mat-2005
2,4,9,0.000200997,0.000017868,43918,13177,87836,cond-mat-2005
3,4,0,0.000226871,0.000029948,43386,13374,86772,cond-mat-2005
3,4,1,0.000216191,0.000040739,43386,13374,86772,cond-mat-2005
3,4,2,0.000196760,0.000023154,43386,13374,86772,cond-mat-2005
3,4,3,0.000190222,0.000018298,43386,13374,86772,cond-mat-2005
3,4,4,0.000201094,0.000023275,43386,13374,86772,cond-mat-2005
3,4,5,0.000191479,0.000016605,43386,13374,86772,cond-mat-2005
3,4,6,0.000192234,0.000020208,43386,13374,86772,cond-mat-2005
3,4,7,0.000186363,0.000016707,43386,13374,86772,cond-mat-2005
3,4,8,0.000203346,0.000019116,43386,13374,86772,cond-mat-2005
3,4,9,0.000198833,0.000018228,43386,13374,86772,cond-mat-2005
0,4,0,0.000254834,0.000033295,44345,13288,88690,cond-mat-2005
0,4,1,0.000238294,0.000052580,44345,13288,88690,cond-mat-2005
0,4,2,0.000200715,0.000017626,44345,13288,88690,cond-mat-2005
0,4,3,0.000195480,0.000013854,44345,13288,88690,cond-mat-2005
0,4,4,0.000205300,0.000015185,44345,13288,88690,cond-mat-2005
0,4,5,0.000196845,0.000014814,44345,13288,88690,cond-mat-2005
0,4,6,0.000198342,0.000017320,44345,13288,88690,cond-mat-2005
0,4,7,0.000201258,0.000014519,44345,13288,88690,cond-mat-2005
0,4,8,0.000195690,0.000014158,44345,13288,88690,cond-mat-2005
0,4,9,0.000202355,0.000014108,44345,13288,88690,cond-mat-2005
1,8,0,0.000234521,0.000102423,21820,10124,43640,cond-mat-2005
1,8,1,0.000147541,0.000050734,21820,10124,43640,cond-mat-2005
1,8,2,0.000195991,0.000102424,21820,10124,43640,cond-mat-2005
1,8,3,0.000135541,0.000043472,21820,10124,43640,cond-mat-2005
1,8,4,0.000734091,0.000641456,21820,10124,43640,cond-mat-2005
1,8,5,0.000144214,0.000047925,21820,10124,43640,cond-mat-2005
1,8,6,0.000195800,0.000031193,21820,10124,43640,cond-mat-2005
1,8,7,0.000145018,0.000040437,21820,10124,43640,cond-mat-2005
1,8,8,0.000121654,0.000030063,21820,10124,43640,cond-mat-2005
1,8,9,0.000120421,0.000029132,21820,10124,43640,cond-mat-2005
2,8,0,0.000138272,0.000047345,21869,10056,43738,cond-mat-2005
2,8,1,0.000115802,0.000048562,21869,10056,43738,cond-mat-2005
2,8,2,0.000094859,0.000029008,21869,10056,43738,cond-mat-2005
2,8,3,0.000102790,0.000042818,21869,10056,43738,cond-mat-2005
2,8,4,0.000374704,0.000317839,21869,10056,43738,cond-mat-2005
2,8,5,0.000171381,0.000052180,21869,10056,43738,cond-mat-2005
2,8,6,0.000086173,0.000034147,21869,10056,43738,cond-mat-2005
2,8,7,0.000085660,0.000034564,21869,10056,43738,cond-mat-2005
2,8,8,0.000082005,0.000024763,21869,10056,43738,cond-mat-2005
2,8,9,0.000071918,0.000022883,21869,10056,43738,cond-mat-2005
3,8,0,0.000223604,0.000093816,21843,10122,43686,cond-mat-2005
3,8,1,0.000160620,0.000049150,21843,10122,43686,cond-mat-2005
3,8,2,0.000203597,0.000107287,21843,10122,43686,cond-mat-2005
3,8,3,0.000127388,0.000034050,21843,10122,43686,cond-mat-2005
3,8,4,0.000737020,0.000643140,21843,10122,43686,cond-mat-2005
3,8,5,0.000134494,0.000040042,21843,10122,43686,cond-mat-2005
3,8,6,0.000105972,0.000025233,21843,10122,43686,cond-mat-2005
3,8,7,0.000152511,0.000037622,21843,10122,43686,cond-mat-2005
3,8,8,0.000118465,0.000027549,21843,10122,43686,cond-mat-2005
3,8,9,0.000116485,0.000026699,21843,10122,43686,cond-mat-2005
5,8,0,0.000137413,0.000049543,22224,10073,44448,cond-mat-2005
5,8,1,0.000106859,0.000041841,22224,10073,44448,cond-mat-2005
5,8,2,0.000144100,0.000084651,22224,10073,44448,cond-mat-2005
5,8,3,0.000095797,0.000040130,22224,10073,44448,cond-mat-2005
5,8,4,0.000692946,0.000639709,22224,10073,44448,cond-mat-2005
5,8,5,0.000088317,0.000036653,22224,10073,44448,cond-mat-2005
5,8,6,0.000073539,0.000022465,22224,10073,44448,cond-mat-2005
5,8,7,0.000082389,0.000026278,22224,10073,44448,cond-mat-2005
5,8,8,0.000074706,0.000024438,22224,10073,44448,cond-mat-2005
5,8,9,0.000072392,0.000023236,22224,10073,44448,cond-mat-2005
6,8,0,0.000159379,0.000087897,22049,10117,44098,cond-mat-2005
6,8,1,0.000109407,0.000043415,22049,10117,44098,cond-mat-2005
6,8,2,0.000157881,0.000098264,22049,10117,44098,cond-mat-2005
6,8,3,0.000089410,0.000032673,22049,10117,44098,cond-mat-2005
6,8,4,0.000697831,0.000643083,22049,10117,44098,cond-mat-2005
6,8,5,0.000091105,0.000037789,22049,10117,44098,cond-mat-2005
6,8,6,0.000072609,0.000020486,22049,10117,44098,cond-mat-2005
6,8,7,0.000082649,0.000030486,22049,10117,44098,cond-mat-2005
6,8,8,0.000073205,0.000021220,22049,10117,44098,cond-mat-2005
6,8,9,0.000071892,0.000021107,22049,10117,44098,cond-mat-2005
7,8,0,0.000221409,0.000111142,21543,10236,43086,cond-mat-2005
7,8,1,0.000155779,0.000046778,21543,10236,43086,cond-mat-2005
7,8,2,0.000223938,0.000115448,21543,10236,43086,cond-mat-2005
7,8,3,0.000152044,0.000042552,21543,10236,43086,cond-mat-2005
7,8,4,0.000751221,0.000643724,21543,10236,43086,cond-mat-2005
7,8,5,0.000164248,0.000057083,21543,10236,43086,cond-mat-2005
7,8,6,0.000462714,0.000035660,21543,10236,43086,cond-mat-2005
7,8,7,0.000177720,0.000044003,21543,10236,43086,cond-mat-2005
7,8,8,0.000097499,0.000032367,21543,10236,43086,cond-mat-2005
7,8,9,0.000092720,0.000031108,21543,10236,43086,cond-mat-2005
0,8,0,0.000199141,0.000107889,21865,10276,43730,cond-mat-2005
0,8,1,0.000124414,0.000039783,21865,10276,43730,cond-mat-2005
0,8,2,0.000085977,0.000027878,21865,10276,43730,cond-mat-2005
0,8,3,0.000103774,0.000048589,21865,10276,43730,cond-mat-2005
0,8,4,0.000692604,0.000639498,21865,10276,43730,cond-mat-2005
0,8,5,0.000096919,0.000045798,21865,10276,43730,cond-mat-2005
0,8,6,0.000078124,0.000027938,21865,10276,43730,cond-mat-2005
0,8,7,0.000075175,0.000025336,21865,10276,43730,cond-mat-2005
0,8,8,0.000069327,0.000020483,21865,10276,43730,cond-mat-2005
0,8,9,0.000065706,0.000017531,21865,10276,43730,cond-mat-2005
4,8,0,0.000135397,0.000051976,22480,10015,44960,cond-mat-2005
4,8,1,0.000122371,0.000052203,22480,10015,44960,cond-mat-2005
4,8,2,0.000094217,0.000027470,22480,10015,44960,cond-mat-2005
4,8,3,0.000085420,0.000024060,22480,10015,44960,cond-mat-2005
4,8,4,0.000702191,0.000645246,22480,10015,44960,cond-mat-2005
4,8,5,0.000098109,0.000043552,22480,10015,44960,cond-mat-2005
4,8,6,0.000168391,0.000019618,22480,10015,44960,cond-mat-2005
4,8,7,0.000182539,0.000043100,22480,10015,44960,cond-mat-2005
4,8,8,0.000149237,0.000033172,22480,10015,44960,cond-mat-2005
4,8,9,0.000201278,0.000032629,22480,10015,44960,cond-mat-2005
0,1,0,0.000221074,0.000000481,179999,0,359998,dixmaanl
0,1,1,0.000222964,0.000000113,179999,0,359998,dixmaanl
0,1,2,0.000215003,0.000000287,179999,0,359998,dixmaanl
0,1,3,0.000214949,0.000000104,179999,0,359998,dixmaanl
0,1,4,0.000216235,0.000000127,179999,0,359998,dixmaanl
0,1,5,0.000214378,0.000000095,179999,0,359998,dixmaanl
0,1,6,0.000216156,0.000000073,179999,0,359998,dixmaanl
0,1,7,0.000225046,0.000000078,179999,0,359998,dixmaanl
0,1,8,0.000213280,0.000000077,179999,0,359998,dixmaanl
0,1,9,0.000213205,0.000000080,179999,0,359998,dixmaanl
1,2,0,0.000250479,0.000144353,90000,30000,180000,dixmaanl
1,2,1,0.000143757,0.000038801,90000,30000,180000,dixmaanl
1,2,2,0.000128162,0.000023359,90000,30000,180000,dixmaanl
1,2,3,0.000147241,0.000036632,90000,30000,180000,dixmaanl
1,2,4,0.000133390,0.000024149,90000,30000,180000,dixmaanl
1,2,5,0.000140581,0.000025036,90000,30000,180000,dixmaanl
1,2,6,0.000133495,0.000024254,90000,30000,180000,dixmaanl
1,2,7,0.000136780,0.000024821,90000,30000,180000,dixmaanl
1,2,8,0.000162103,0.000051367,90000,30000,180000,dixmaanl
1,2,9,0.000150918,0.000029936,90000,30000,180000,dixmaanl
0,2,0,0.000248097,0.000142053,89999,29999,179998,dixmaanl
0,2,1,0.000146002,0.000040856,89999,29999,179998,dixmaanl
0,2,2,0.000155967,0.000023083,89999,29999,179998,dixmaanl
0,2,3,0.000170599,0.000059895,89999,29999,179998,dixmaanl
0,2,4,0.000133782,0.000024280,89999,29999,179998,dixmaanl
0,2,5,0.000140392,0.000024834,89999,29999,179998,dixmaanl
0,2,6,0.000133920,0.000024506,89999,29999,179998,dixmaanl
0,2,7,0.000136880,0.000024846,89999,29999,179998,dixmaanl
0,2,8,0.000170062,0.000053635,89999,29999,179998,dixmaanl
0,2,9,0.000169887,0.000029542,89999,29999,179998,dixmaanl
1,4,0,0.000086131,0.000027848,45000,15000,90000,dixmaanl
1,4,1,0.000086902,0.000032373,45000,15000,90000,dixmaanl
1,4,2,0.000067465,0.000013062,45000,15000,90000,dixmaanl
1,4,3,0.000067145,0.000012725,45000,15000,90000,dixmaanl
1,4,4,0.000066853,0.000012563,45000,15000,90000,dixmaanl
1,4,5,0.000145165,0.000012569,45000,15000,90000,dixmaanl
1,4,6,0.000073806,0.000018205,45000,15000,90000,dixmaanl
1,4,7,0.000067343,0.000012976,45000,15000,90000,dixmaanl
1,4,8,0.000066782,0.000012383,45000,15000,90000,dixmaanl
1,4,9,0.000067076,0.000012845,45000,15000,90000,dixmaanl
2,4,0,0.000083275,0.000026164,45000,15000,90000,dixmaanl
2,4,1,0.000067524,0.000013003,45000,15000,90000,dixmaanl
2,4,2,0.000067321,0.000012857,45000,15000,90000,dixmaanl
2,4,3,0.000075014,0.000020576,45000,15000,90000,dixmaanl
2,4,4,0.000067197,0.000012847,45000,15000,90000,dixmaanl
2,4,5,0.000081587,0.000018720,45000,15000,90000,dixmaanl
2,4,6,0.000068714,0.000014254,45000,15000,90000,dixmaanl
2,4,7,0.000067498,0.000013056,45000,15000,90000,dixmaanl
2,4,8,0.000067199,0.000012856,45000,15000,90000,dixmaanl
2,4,9,0.000067782,0.000013315,45000,15000,90000,dixmaanl
3,4,0,0.000087874,0.000030083,45000,15000,90000,dixmaanl
3,4,1,0.000083532,0.000028647,45000,15000,90000,dixmaanl
3,4,2,0.000067170,0.000012783,45000,15000,90000,dixmaanl
3,4,3,0.000078638,0.000024012,45000,15000,90000,dixmaanl
3,4,4,0.000067230,0.000012902,45000,15000,90000,dixmaanl
3,4,5,0.000119175,0.000019320,45000,15000,90000,dixmaanl
3,4,6,0.000077690,0.000022594,45000,15000,90000,dixmaanl
3,4,7,0.000067822,0.000013517,45000,15000,90000,dixmaanl
3,4,8,0.000067418,0.000012922,45000,15000,90000,dixmaanl
3,4,9,0.000068312,0.000013838,45000,15000,90000,dixmaanl
0,4,0,0.000104849,0.000030636,44999,14999,89998,dixmaanl
0,4,1,0.000097756,0.000028988,44999,14999,89998,dixmaanl
0,4,2,0.000066970,0.000012690,44999,14999,89998,dixmaanl
0,4,3,0.000078413,0.000024056,44999,14999,89998,dixmaanl
0,4,4,0.000067433,0.000013200,44999,14999,89998,dixmaanl
0,4,5,0.000099854,0.000012608,44999,14999,89998,dixmaanl
0,4,6,0.000069574,0.000015082,44999,14999,89998,dixmaanl
0,4,7,0.000067167,0.000012764,44999,14999,89998,dixmaanl
0,4,8,0.000067544,0.000013275,44999,14999,89998,dixmaanl
0,4,9,0.000068379,0.000014172,44999,14999,89998,dixmaanl
4,8,0,0.000085462,0.000025004,22500,7500,45000,dixmaanl
4,8,1,0.000072749,0.000015704,22500,7500,45000,dixmaanl
4,8,2,0.000069622,0.000012943,22500,7500,45000,dixmaanl
4,8,3,0.000072377,0.000015605,22500,7500,45000,dixmaanl
4,8,4,0.000072745,0.000016520,22500,7500,45000,dixmaanl
4,8,5,0.000083594,0.000025961,22500,7500,45000,dixmaanl
4,8,6,0.000070919,0.000013962,22500,7500,45000,dixmaanl
4,8,7,0.000071097,0.000014051,22500,7500,45000,dixmaanl
4,8,8,0.000074356,0.000018101,22500,7500,45000,dixmaanl
4,8,9,0.000070340,0.000012987,22500,7500,45000,dixmaanl
5,8,0,0.000055278,0.000017856,22500,7500,45000,dixmaanl
5,8,1,0.000039657,0.000011575,22500,7500,45000,dixmaanl
5,8,2,0.000040063,0.000011967,22500,7500,45000,dixmaanl
5,8,3,0.000041542,0.000013462,22500,7500,45000,dixmaanl
5,8,4,0.000043912,0.000015796,22500,7500,45000,dixmaanl
5,8,5,0.000042830,0.000014765,22500,7500,45000,dixmaanl
5,8,6,0.000038731,0.000010691,22500,7500,45000,dixmaanl
5,8,7,0.000038747,0.000010644,22500,7500,45000,dixmaanl
5,8,8,0.000059031,0.000030915,22500,7500,45000,dixmaanl
5,8,9,0.000035117,0.000007027,22500,7500,45000,dixmaanl
6,8,0,0.000048291,0.000015480,22500,7500,45000,dixmaanl
6,8,1,0.000035279,0.000007255,22500,7500,45000,dixmaanl
6,8,2,0.000037849,0.000009863,22500,7500,45000,dixmaanl
6,8,3,0.000038212,0.000010222,22500,7500,45000,dixmaanl
6,8,4,0.000047735,0.000019770,22500,7500,45000,dixmaanl
6,8,5,0.000049627,0.000021334,22500,7500,45000,dixmaanl
6,8,6,0.000035464,0.000007393,22500,7500,45000,dixmaanl
6,8,7,0.000034845,0.000006861,22500,7500,45000,dixmaanl
6,8,8,0.000038626,0.000010621,22500,7500,45000,dixmaanl
6,8,9,0.000036791,0.000008791,22500,7500,45000,dixmaanl
7,8,0,0.000055591,0.000014743,22500,7500,45000,dixmaanl
7,8,1,0.000044357,0.000016335,22500,7500,45000,dixmaanl
7,8,2,0.000036259,0.000008344,22500,7500,45000,dixmaanl
7,8,3,0.000042955,0.000015033,22500,7500,45000,dixmaanl
7,8,4,0.000047418,0.000019111,22500,7500,45000,dixmaanl
7,8,5,0.000038727,0.000010765,22500,7500,45000,dixmaanl
7,8,6,0.000035897,0.000007967,22500,7500,45000,dixmaanl
7,8,7,0.000034798,0.000006897,22500,7500,45000,dixmaanl
7,8,8,0.000046135,0.000018208,22500,7500,45000,dixmaanl
7,8,9,0.000046506,0.000010244,22500,7500,45000,dixmaanl
0,8,0,0.000043213,0.000014564,22499,7499,44998,dixmaanl
0,8,1,0.000044132,0.000016122,22499,7499,44998,dixmaanl
0,8,2,0.000035083,0.000007096,22499,7499,44998,dixmaanl
0,8,3,0.000039031,0.000011089,22499,7499,44998,dixmaanl
0,8,4,0.000035438,0.000007514,22499,7499,44998,dixmaanl
0,8,5,0.000050434,0.000015338,22499,7499,44998,dixmaanl
0,8,6,0.000035570,0.000007417,22499,7499,44998,dixmaanl
0,8,7,0.000034771,0.000006848,22499,7499,44998,dixmaanl
0,8,8,0.000039493,0.000011575,22499,7499,44998,dixmaanl
0,8,9,0.000039173,0.000011250,22499,7499,44998,dixmaanl
1,8,0,0.000041503,0.000013077,22500,7500,45000,dixmaanl
1,8,1,0.000042778,0.000014691,22500,7500,45000,dixmaanl
1,8,2,0.000037385,0.000009277,22500,7500,45000,dixmaanl
1,8,3,0.000041828,0.000013716,22500,7500,45000,dixmaanl
1,8,4,0.000040816,0.000012781,22500,7500,45000,dixmaanl
1,8,5,0.000038970,0.000010901,22500,7500,45000,dixmaanl
1,8,6,0.000035636,0.000007637,22500,7500,45000,dixmaanl
1,8,7,0.000035205,0.000007204,22500,7500,45000,dixmaanl
1,8,8,0.000051147,0.000023104,22500,7500,45000,dixmaanl
1,8,9,0.000035826,0.000007459,22500,7500,45000,dixmaanl
2,8,0,0.000055523,0.000023775,22500,7500,45000,dixmaanl
2,8,1,0.000042256,0.000014241,22500,7500,45000,dixmaanl
2,8,2,0.000043363,0.000015429,22500,7500,45000,dixmaanl
2,8,3,0.000050540,0.000014237,22500,7500,45000,dixmaanl
2,8,4,0.000056692,0.000028298,22500,7500,45000,dixmaanl
2,8,5,0.000048368,0.000020395,22500,7500,45000,dixmaanl
2,8,6,0.000040778,0.000012783,22500,7500,45000,dixmaanl
2,8,7,0.000041129,0.000013199,22500,7500,45000,dixmaanl
2,8,8,0.000042980,0.000014995,22500,7500,45000,dixmaanl
2,8,9,0.000040195,0.000012180,22500,7500,45000,dixmaanl
3,8,0,0.000084686,0.000024652,22500,7500,45000,dixmaanl
3,8,1,0.000072342,0.000015405,22500,7500,45000,dixmaanl
3,8,2,0.000072002,0.000015909,22500,7500,45000,dixmaanl
3,8,3,0.000076406,0.000019706,22500,7500,45000,dixmaanl
3,8,4,0.000085194,0.000028979,22500,7500,45000,dixmaanl
3,8,5,0.000079264,0.000021708,22500,7500,45000,dixmaanl
3,8,6,0.000070782,0.000013930,22500,7500,45000,dixmaanl
3,8,7,0.000070597,0.000013716,22500,7500,45000,dixmaanl
3,8,8,0.000082786,0.000026529,22500,7500,45000,dixmaanl
3,8,9,0.000070460,0.000013073,22500,7500,45000,dixmaanl
0,1,0,0.000114710,0.000000847,38530,0,77060,flowmeter0
0,1,1,0.000046097,0.000000191,38530,0,77060,flowmeter0
0,1,2,0.000125191,0.000000052,38530,0,77060,flowmeter0
0,1,3,0.000292966,0.000000161,38530,0,77060,flowmeter0
0,1,4,0.000045956,0.000000163,38530,0,77060,flowmeter0
0,1,5,0.000046256,0.000000042,38530,0,77060,flowmeter0
0,1,6,0.000046180,0.000000040,38530,0,77060,flowmeter0
0,1,7,0.000046121,0.000000087,38530,0,77060,flowmeter0
0,1,8,0.000046153,0.000000039,38530,0,77060,flowmeter0
0,1,9,0.000049970,0.000000038,38530,0,77060,flowmeter0
1,2,0,0.000117571,0.000019597,19259,4356,38518,flowmeter0
1,2,1,0.000096907,0.000011766,19259,4356,38518,flowmeter0
1,2,2,0.000091694,0.000007160,19259,4356,38518,flowmeter0
1,2,3,0.000088817,0.000004666,19259,4356,38518,flowmeter0
1,2,4,0.000088545,0.000004583,19259,4356,38518,flowmeter0
1,2,5,0.000098391,0.000004650,19259,4356,38518,flowmeter0
1,2,6,0.000096153,0.000014035,19259,4356,38518,flowmeter0
1,2,7,0.000084830,0.000004600,19259,4356,38518,flowmeter0
1,2,8,0.000084427,0.000004703,19259,4356,38518,flowmeter0
1,2,9,0.000083979,0.000004592,19259,4356,38518,flowmeter0
0,2,0,0.000101197,0.000017083,19271,4358,38542,flowmeter0
0,2,1,0.000093191,0.000013153,19271,4358,38542,flowmeter0
0,2,2,0.000086265,0.000007132,19271,4358,38542,flowmeter0
0,2,3,0.000083321,0.000004465,19271,4358,38542,flowmeter0
0,2,4,0.000083165,0.000004608,19271,4358,38542,flowmeter0
0,2,5,0.000083205,0.000004470,19271,4358,38542,flowmeter0
0,2,6,0.000091971,0.000013650,19271,4358,38542,flowmeter0
0,2,7,0.000083207,0.000004578,19271,4358,38542,flowmeter0
0,2,8,0.000083145,0.000004481,19271,4358,38542,flowmeter0
0,2,9,0.000082948,0.000004563,19271,4358,38542,flowmeter0
1,4,0,0.000048265,0.000012181,9619,4307,19238,flowmeter0
1,4,1,0.000047479,0.000014592,9619,4307,19238,flowmeter0
1,4,2,0.000035681,0.000007319,9619,4307,19238,flowmeter0
1,4,3,0.000038607,0.000008815,9619,4307,19238,flowmeter0
1,4,4,0.000039020,0.000009551,9619,4307,19238,flowmeter0
1,4,5,0.000039729,0.000014695,9619,4307,19238,flowmeter0
1,4,6,0.000027776,0.000006941,9619,4307,19238,flowmeter0
1,4,7,0.000027875,0.000007245,9619,4307,19238,flowmeter0
1,4,8,0.000027074,0.000006743,9619,4307,19238,flowmeter0
1,4,9,0.000024989,0.000007383,9619,4307,19238,flowmeter0
2,4,0,0.000048701,0.000013661,9636,4329,19272,flowmeter0
2,4,1,0.000047187,0.000014843,9636,4329,19272,flowmeter0
2,4,2,0.000036350,0.000008898,9636,4329,19272,flowmeter0
2,4,3,0.000035744,0.000007216,9636,4329,19272,flowmeter0
2,4,4,0.000038763,0.000009327,9636,4329,19272,flowmeter0
2,4,5,0.000054603,0.000015480,9636,4329,19272,flowmeter0
2,4,6,0.000058094,0.000008178,9636,4329,19272,flowmeter0
2,4,7,0.000037810,0.000007791,9636,4329,19272,flowmeter0
2,4,8,0.000035302,0.000007405,9636,4329,19272,flowmeter0
2,4,9,0.000034575,0.000007658,9636,4329,19272,flowmeter0
3,4,0,0.000042974,0.000011340,9640,4295,19280,flowmeter0
3,4,1,0.000042360,0.000013445,9640,4295,19280,flowmeter0
3,4,2,0.000036593,0.000008959,9640,4295,19280,flowmeter0
3,4,3,0.000036215,0.000008316,9640,4295,19280,flowmeter0
3,4,4,0.000031473,0.000007586,9640,4295,19280,flowmeter0
3,4,5,0.000035002,0.000011521,9640,4295,19280,flowmeter0
3,4,6,0.000030886,0.000007913,9640,4295,19280,flowmeter0
3,4,7,0.000030544,0.000007934,9640,4295,19280,flowmeter0
3,4,8,0.000025420,0.000006847,9640,4295,19280,flowmeter0
3,4,9,0.000023431,0.000007014,9640,4295,19280,flowmeter0
0,4,0,0.000047737,0.000013856,9635,4313,19270,flowmeter0
0,4,1,0.000048525,0.000017539,9635,4313,19270,flowmeter0
0,4,2,0.000037344,0.000008207,9635,4313,19270,flowmeter0
0,4,3,0.000034143,0.000006793,9635,4313,19270,flowmeter0
0,4,4,0.000030597,0.000007251,9635,4313,19270,flowmeter0
0,4,5,0.000028689,0.000007729,9635,4313,19270,flowmeter0
0,4,6,0.000025455,0.000007099,9635,4313,19270,flowmeter0
0,4,7,0.000023282,0.000006742,9635,4313,19270,flowmeter0
0,4,8,0.000022837,0.000007346,9635,4313,19270,flowmeter0
0,4,9,0.000024582,0.000007473,9635,4313,19270,flowmeter0
7,8,0,0.000021846,0.000010239,4817,2683,9634,flowmeter0
7,8,1,0.000021442,0.000011451,4817,2683,9634,flowmeter0
7,8,2,0.000023965,0.000017154,4817,2683,9634,flowmeter0
7,8,3,0.000102939,0.000096325,4817,2683,9634,flowmeter0
7,8,4,0.000049148,0.000042650,4817,2683,9634,flowmeter0
7,8,5,0.000014765,0.000007623,4817,2683,9634,flowmeter0
7,8,6,0.000017196,0.000007928,4817,2683,9634,flowmeter0
7,8,7,0.000024815,0.000015895,4817,2683,9634,flowmeter0
7,8,8,0.000015867,0.000006816,4817,2683,9634,flowmeter0
7,8,9,0.000048197,0.000038905,4817,2683,9634,flowmeter0
0,8,0,0.000025312,0.000009968,4812,2734,9624,flowmeter0
0,8,1,0.000028497,0.000017152,4812,2734,9624,flowmeter0
0,8,2,0.000079244,0.000066981,4812,2734,9624,flowmeter0
0,8,3,0.000104136,0.000091557,4812,2734,9624,flowmeter0
0,8,4,0.000051680,0.000043272,4812,2734,9624,flowmeter0
0,8,5,0.000013857,0.000006546,4812,2734,9624,flowmeter0
0,8,6,0.000014667,0.000007937,4812,2734,9624,flowmeter0
0,8,7,0.000021828,0.000015502,4812,2734,9624,flowmeter0
0,8,8,0.000012614,0.000006464,4812,2734,9624,flowmeter0
0,8,9,0.000045767,0.000039546,4812,2734,9624,flowmeter0
1,8,0,0.000038752,0.000012588,4810,2675,9620,flowmeter0
1,8,1,0.000042992,0.000018214,4810,2675,9620,flowmeter0
1,8,2,0.000079111,0.000065000,4810,2675,9620,flowmeter0
1,8,3,0.000120233,0.000095915,4810,2675,9620,flowmeter0
1,8,4,0.000065230,0.000044115,4810,2675,9620,flowmeter0
1,8,5,0.000026403,0.000010294,4810,2675,9620,flowmeter0
1,8,6,0.000030970,0.000009545,4810,2675,9620,flowmeter0
1,8,7,0.000031563,0.000015814,4810,2675,9620,flowmeter0
1,8,8,0.000030580,0.000007993,4810,2675,9620,flowmeter0
1,8,9,0.000059827,0.000039260,4810,2675,9620,flowmeter0
2,8,0,0.000034533,0.000012193,4813,2714,9626,flowmeter0
2,8,1,0.000034961,0.000013467,4813,2714,9626,flowmeter0
2,8,2,0.000090045,0.000072219,4813,2714,9626,flowmeter0
2,8,3,0.000066022,0.000049527,4813,2714,9626,flowmeter0
2,8,4,0.000059181,0.000043964,4813,2714,9626,flowmeter0
2,8,5,0.000027136,0.000010783,4813,2714,9626,flowmeter0
2,8,6,0.000023961,0.000009504,4813,2714,9626,flowmeter0
2,8,7,0.000021020,0.000006722,4813,2714,9626,flowmeter0
2,8,8,0.000022386,0.000009277,4813,2714,9626,flowmeter0
2,8,9,0.000051667,0.000038742,4813,2714,9626,flowmeter0
3,8,0,0.000036602,0.000014968,4823,2700,9646,flowmeter0
3,8,1,0.000034718,0.000012897,4823,2700,9646,flowmeter0
3,8,2,0.000036645,0.000017600,4823,2700,9646,flowmeter0
3,8,3,0.000119187,0.000100139,4823,2700,9646,flowmeter0
3,8,4,0.000060149,0.000043164,4823,2700,9646,flowmeter0
3,8,5,0.000023354,0.000007636,4823,2700,9646,flowmeter0
3,8,6,0.000022492,0.000007539,4823,2700,9646,flowmeter0
3,8,7,0.000030966,0.000016183,4823,2700,9646,flowmeter0
3,8,8,0.000020817,0.000007492,4823,2700,9646,flowmeter0
3,8,9,0.000054201,0.000040670,4823,2700,9646,flowmeter0
4,8,0,0.000032739,0.000013865,4823,2685,9646,flowmeter0
4,8,1,0.000032428,0.000013185,4823,2685,9646,flowmeter0
4,8,2,0.000093430,0.000072544,4823,2685,9646,flowmeter0
4,8,3,0.000110021,0.000089957,4823,2685,9646,flowmeter0
4,8,4,0.000061723,0.000044327,4823,2685,9646,flowmeter0
4,8,5,0.000032637,0.000010196,4823,2685,9646,flowmeter0
4,8,6,0.000025246,0.000008839,4823,2685,9646,flowmeter0
4,8,7,0.000037487,0.000016292,4823,2685,9646,flowmeter0
4,8,8,0.000024849,0.000007487,4823,2685,9646,flowmeter0
4,8,9,0.000056437,0.000039840,4823,2685,9646,flowmeter0
6,8,0,0.000041597,0.000014252,4823,2698,9646,flowmeter0
6,8,1,0.000038719,0.000013321,4823,2698,9646,flowmeter0
6,8,2,0.000092405,0.000073058,4823,2698,9646,flowmeter0
6,8,3,0.000069682,0.000046360,4823,2698,9646,flowmeter0
6,8,4,0.000076804,0.000044043,4823,2698,9646,flowmeter0
6,8,5,0.000025296,0.000007778,4823,2698,9646,flowmeter0
6,8,6,0.000027833,0.000008927,4823,2698,9646,flowmeter0
6,8,7,0.000025042,0.000006462,4823,2698,9646,flowmeter0
6,8,8,0.000027171,0.000007377,4823,2698,9646,flowmeter0
6,8,9,0.000055918,0.000040118,4823,2698,9646,flowmeter0
5,8,0,0.000040288,0.000014682,4809,2680,9618,flowmeter0
5,8,1,0.000037778,0.000012812,4809,2680,9618,flowmeter0
5,8,2,0.000088773,0.000068610,4809,2680,9618,flowmeter0
5,8,3,0.000118592,0.000096183,4809,2680,9618,flowmeter0
5,8,4,0.000063980,0.000044988,4809,2680,9618,flowmeter0
5,8,5,0.000029181,0.000009246,4809,2680,9618,flowmeter0
5,8,6,0.000027509,0.000007729,4809,2680,9618,flowmeter0
5,8,7,0.000036408,0.000015606,4809,2680,9618,flowmeter0
5,8,8,0.000030516,0.000009240,4809,2680,9618,flowmeter0
5,8,9,0.000157086,0.000040003,4809,2680,9618,flowmeter0
